category,concept,human,llama-3.1-70b,llama-3.1-8b,llama-3.2-3b,mixtral-8x7b,mistral-7b,nemo-12b,llava-v1.6-mistral-7b,llava-v1.6-mistral-7b-img,idefics2-8b,idefics2-8b-img
plants,abete,abete rosso,abete bianco,abete rosso,abete americano,abete bianco,abete bianco,abete bianco,albero,pino,abete rosso,abete rosso
plants,abete,abete bianco,abete amabile,abete di douglas,abete di faggio,abete di douglas,abete rosso di norvegia,abete rosso,acacia,faggio,abete bianco,abete rosso del nord
plants,abete,abete di natale,abete rosso,abete nero,abete di montagna,abete rosso,abete nero,abete di nordmann,palma,pine tree,acacia,abete nero
vehicles,aereo,aereo militare,aereo da caccia,aereo da trasporto,aereo da passeggeri,aereo da combattimento,aereo commerciale,aereo a elica,aereoplano,aeroplano,aeroplano,elicottero
vehicles,aereo,aereo di linea,aereo da trasporto,aereo da carico,aereo passeggeri,aereo da turismo,jet,aereo da guerra,aeroplano,aereoplano,elicottero,aeroplano
vehicles,aereo,jet,aereo da addestramento,aereo da turismo,aereo da trasporto,aereo da caccia,aereo da ricognizione,elicottero,elicottero,aereo a scoppio,aerostato,dirigibile
stationery,agenda,agenda mensile,agenda scolastica,calendario,calendario,agenda giornaliera,calendario digitale,agenda cartacea,calendario,calendario,calendario,calendario
stationery,agenda,agenda settimanale,agenda personale,agenda cartacea,piano,agenda digitale,calendario da tasca,agenda professionale,agenda di lavoro,planner,calendario digitale,diario
stationery,agenda,agenda giornaliera,agenda settimanale,agenda digitale,elenco,agenda settimanale,calendario di appuntamenti,agenda scolastica,agenda pendolari,quaderno,a4,planner
furnishings/fittings,appendiabiti,appendiabiti da parete,gruccia,appendiabiti da parete,armadio,gancio appendiabiti,appendice per cintura,appendiabiti a parete,scarpe,scarpe,jeans,borsa
furnishings/fittings,appendiabiti,appendiabiti da terra,portabiti,appendiabiti da muro,cassettone,portaombrelli,cassetta per cinture,appendiabiti a piantana,calze,manichetta,borsa,camisa
furnishings/fittings,appendiabiti,appendiabiti da muro,attaccapanni,appendiabiti a muro,cassettiera,gancio da parete,vestitario,appendiabiti portatile,pantaloni,hangar,scarpe,pantaloni
furniture,armadio,armadio a muro,armadio a muro,armadio a muro,armadio a muro,armadio a due ante,armadio a porta rovescia,armadio a muro,armadietto,armadio aperto,armadio per vestiti,armadio per vestiti
furniture,armadio,armadio scorrevole,armadio scorrevole,armadio a tre ante,armadio a vetro,armadio con ante scorrevoli,armadio a due porte,armadio guardaroba,armadio a due porte,armadietro,armario,scaffale
furniture,armadio,armadio a due ante,armadio a ponte,armadio a due ante,armadio da letto,armadio con cassetti,armadio a portelle,armadio a cassetti,armario,vestiario,armaio,cassa
stationery,astuccio,astuccio rigido,astuccio per occhiali,borsa,cappello,astuccio per matite,tazza,astuccio per matite,fornace,suitcase,astuccio per caffè,valigia
stationery,astuccio,portapenne,astuccio per penna,astuccio da disegno,borsa,astuccio per cosmetici,vaso,astuccio da viaggio,radiatore,astuccio a mano,astuccio a scoppio,big bag
stationery,astuccio,astuccio per la scuola,astuccio per pistola,portafoglio,guanto,astuccio per occhiali,calice,astuccio per pennarelli,riscaldamento a legna,astuccio portatile,astuccio marmitta,valigia per viaggio
hobbies,attrezzo,martello,martello,martello,forbici,cacciavite,martello,martello,pala,pince,chitarra,martello
hobbies,attrezzo,cacciavite,pinza,scalpello,forbice,livella,chiavetta,forbice,palle da tennis,pennello,cuscino,scopa
hobbies,attrezzo,chiave inglese,cacciavite,chiave inglese,forbici da cucito,pinza,pinzette,trapano,pallone da tennis,martellaccio,spada,scala
vehicles,autobus,autobus a due piani,autobus urbano,autobus urbano,autobus urbano,autobus urbano,autobus urbano,autobus urbano,autobus urbano,bus,pullman,pullman
vehicles,autobus,autobus di linea,autobus a due piani,autobus a due piani,autobus urbani,autobus a due piani,autobus turistico,autobus urbani,bus,autobus a due piani,paghezzato,autobus scolastico
vehicles,autobus,scuolabus,autobus a tre assi,pullman,autobus notturno,autobus scolastico,autobus articolato,autobus a due piani,autobus extraurbano,autobus a tre piani,midibus,pullman-süd
vehicles,automobile,automobile elettrica,berlina,fiat,auto,berlina,berlina,berline,berlina,berlina,auto,auto
vehicles,automobile,suv,autocarro,berlina,scooter,coupé,sedan,suv,sedan,coupe,automobile a benzina,camion
vehicles,automobile,automobile a benzina,autobus,motocicletta,autobus,cabriolet,fuoristrada,coupé,auto,sports car,autobus,auto-camion
housing buildings,bagno,bagno pubblico,bagno turco,vasca,doccia,vasca da bagno,doccia,doccia,doccia,doccia,vaso da bagno,lavandino
housing buildings,bagno,bagno turco,doccia,lavabo,vasca da bagno,portasciugamani,bagno turco,vasca da bagno,piscina,vasca da bagno,bagno da bagno,vasca
housing buildings,bagno,bagno giapponese,vasca da bagno,wc,bidet,armadietto del bagno,vasca idromassaggio,lavandino,vaso,urinal,stufa bagno,scaldacristallo
housing buildings,balcone,balcone a incasso,balcone a sbalzo,balcone da giardino,scale,balcone francese,loggia,balcone panoramico,balcone aperto,veranda,terrazza,terrazza
housing buildings,balcone,terrazzo,a sbalzo,balconcino,balcone esterno,balcone a galleria,terrazzo,balcone aperto,terrazza,balcone esterno,loggia,tettoie
housing buildings,balcone,balcone aggettante,a filo,balcone di legno,terrazza,balcone juliet,veranda,balcone chiuso,balcone esterno,balcone con vetri,balcone di vetro,balcone superiore
plants,basilico,basilico genovese,genovese,basilico di genova,basilico comune,basilico genovese,basilico comune,basilico genovese,basilico comune,basilico comune,basilico italiano,peppermint
plants,basilico,basilico verde,basilico comune,basilico genovese,pettine,basilico limone,basilico messicano,basilico dolce,basilico di finocchio,basilico fresco,genovese,basilico dolce
plants,basilico,basilico viola,basilico genovese,basilico di napoli,aglio,basilico greco,basilico sacro,basilico napoletano,basilico piccolino,pesto,basilico piccante,spearmint
kitchenware,bicchiere,bicchiere di vetro,bicchiere da vino,bicchiere da vino,bicchiere da vino,bicchiere di vetro,bicchiere da vino,bicchiere da acqua,bicchiere di vetro,coppa,tazza,bicchiere da birra
kitchenware,bicchiere,bicchiere di plastica,bicchiere da birra,bicchiere da champagne,bicchiere da caffè,bicchiere di plastica,bicchiere da freddo,bicchiere da birra,bicchiere da vino,tazza,coppa,tazzina
kitchenware,bicchiere,calice,bicchiere da acqua,bicchiere da digestivo,bicchiere da acqua,bicchiere da cocktail,bicchiere da cocktail,calice,bicchiere da acqua,wine glass,bottiglia,tazza
vehicles,bicicletta,bicicletta elettrica,mountain bike,bicicletta da corsa,mountain bike,city bike,montagna bicicletta,mountain bike,mountain bike,biciclo,mountain bike,bicicletta per bambini
vehicles,bicicletta,mountain bike,bici da corsa,bicicletta da strada,bicicletta da strada,touring bike,road bike,bicicletta elettrica,bicicletta da strada,biciciclo,road bike,bicicletta da montagna
vehicles,bicicletta,bicicletta da corsa,bici pieghevole,bicicletta da corsa su pista,bicicletta da corsa,bmx bike,montagna,bici da bmx,biciclo,bicicletta in generale,bicicletta in bicicletta,bicicletta a due ruote
body parts,bocca,bocca carnosa,bocca umana,labbra,labbra,bocca umana,bocca dell'uomo,bocca umana,bocca di leone,labbra,mascella,lingua
body parts,bocca,bocca sottile,bocca di lupo,bocca di caverna,naso,bocca di un uccello,bocca di un cannone,labbra,bocca di cavallo,gengive,lingua,labbra
body parts,bocca,bocca larga,bocca di una caverna,bocca di fiume,denti,bocca di un rettile,bocca di un vaso,bocca di un fiume,bocca di cane,denti,denti,denti
body parts,braccio,braccio meccanico,braccio meccanico,braccio umano,braccio umano,arti superiori,braccio umano,braccio robotico,braccio umano,braccio umano,braccio umano,braccio destro
body parts,braccio,braccio muscoloso,braccio umano,braccio meccanico,braccio di una struttura,braccio meccanico,braccio robotico,braccio umano,braccio di gomma,bracci,braccio destro,braccio sinistro
body parts,braccio,braccio umano,braccio artificiale,braccio di una nave,braccio di un animale,protesi del braccio,braccio artificiale,braccio artificiale,braccio di plastica,braccio di un robot,braccio robotico,braccio umano
plants,cactus,fico d' india,mammillaria,cactus spinoso,aloe vera,saguaro,barrel cactus,cactus barrel,aloe vera,cactus rosso,agave,cactus rosso
plants,cactus,cactus del deserto,melocactus,cereus,aloe,barile,san pedro cactus,cactus di natale,succulenta,cactus in vase,cactaceae,cactus verde
clothes,calza,calza a rete,autoreggente,calza da uomo,guanti,calza da neve,calze da ginocchio,calza di seta,pantaloni,calze nere,sandalia,calzino
clothes,calza,calzino,da running,calza di cotone,calzini,calza da running,calzino,calza corta,calzini,calzetta,stivali,calzature
clothes,calza,fantasmino,da sci,calza sportiva,camicia,calza da tennis,calze da giorno,calza di cotone,scarpe,calza nera con frange rosse,calza da running,calza nera
housing buildings,camera,camera da letto,camera da letto,camera da letto,camera da letto,camera da letto,camera fotografica,camera da letto,fotocamera,letto,dslr,fotocamera
housing buildings,camera,cucina,da letto,camera di controllo,camera da studio,camera oscura,box camera,camera di sicurezza,telecamera,cuscino,fotocamera,video camera
housing buildings,camera,bagno,camera oscura,camera di ripresa,camera da bagno,camera blindata,camera digitale,camera degli ospiti,dslr,lampada,nikon,camera fotografica
clothes,camicia,camicia hawaiana,camicia a maniche corte,polo,polo,abbottonata,camicia da notte,camicia a maniche lunghe,camicia di seta,camicia da uomo,camicia da uomo,maglia
clothes,camicia,camicia coreana,camicia a righe,camicia a maniche lunghe,maglia,camicia formale,camicia da lavoro,camicia oxford,camicia di cotone,camicia da lavoro,camicia bianca,giubbino
clothes,camicia,camicia a maniche lunghe,camicia da notte,camicia da notte,camicia a maniche lunghe,camicia da uomo,camicia da gala,camicia a maniche corte,camicia da letto,camicia da vestire,camicia da donna,giacca
vehicles,camion,furgone,autocarro,autocarro,camion di pompaggio,camion da costruzione,camion cisterna,autocarro,camioncino,camion cisterna,camioncino,camioncino
vehicles,camion,autocarro,camion con gru,autocisterna,camion di trasporto,camion frigorifero,camion da pompaggio,camion dei pompieri,camion cisterna,camion di carico,pickup,camioncino pesante
vehicles,camion,tir,camion gru,camion cisterna,autocarro,camion dei pompieri,camion da fuoco,autocarro militare,camion da trasporto,camion raccoglitore,camioncino di lavoro,mercedez-benz actros
furnishings/fittings,candelabro,candelabro a tre bracci,candelabro da tavolo,candelabro a stelo,candelabro a candele,candelabro da tavolo,candelabro classico,candelabro da tavolo,candelabro a tre rametti,candeliera,candelabro di cristallo,candelabro a trecce
furnishings/fittings,candelabro,candelabro ebraico,candelabro a sospensione,candelabro a tre bracci,candelabro a cera,candelabro a braccia,candelabro a rami,candelabro a muro,candela,,candelabro a piatti,candelabro con colonne
furnishings/fittings,candelabro,candelabro a due bracci,candelabro da terra,candelabro a tre braccia,candelabro a braccioli,candelabro a candela,candelabro di cristallo,candelabro a braccio,candelabro a rame,,sconto,candelabro con sfera
animals,cane,labrador,pastore tedesco,bulldog,pastore tedesco,alano,razza basset hound,pastore tedesco,cane da pastore,golden retriever,bulldog,labrador
animals,cane,pastore tedesco,segugio,pastore tedesco,bulldog,pastore tedesco,razza bulldog,golden retriever,cane da caccia,labrador retriever,pug,bichini
animals,cane,bassotto,rottweiler,cane da caccia,chihuahua,carlino,razza dachshund,beagle,cane da guardia,dachshund,pitbull,cane da caccia
clothes,canottiera,canottiera bianca,canottiera da uomo,canottiera sportiva,canoa,canottiera a maniche corte,canottiera da regata,canottiera a manica corta,barchetta,cano,canottiera a maniche lunghe,canottiera da bagnante
clothes,canottiera,canottiera intima,canottiera da donna,canottiera da allenamento,vela,canottiera termica,canottiera da pesca,canottiera a maniche corte,canottiera da neve,nuotista,canottiera da tuffo,canottiera sportiva
clothes,canottiera,canottiera senza maniche,canottiera a maniche corte,canottiera da uomo,gondola,canottiera da notte,canottiera da escursione,canottiera con spalline,barca a vela,canottieria,canottiera per uomo,canottiera da golf
body parts,capello,capello riccio,riccio,capello naturale,capelli lunghi,capello liscio,corto,capelli lunghi,cappello,capello lungo,boccoli,baffi
body parts,capello,capello liscio,ricci,capello artificiale,cioccolato,capello riccio,ondulato,capelli castani,berretto,capello corto,lungo,capigliatura
body parts,capello,capello biondo,afro,capello sintetico,cioccolino,capello bianco,capello folle,capelli biondi,barba,capello a onda,boccolino,boccoli
clothes,cappello,berretto,basco,cappello da baseball,panama,berretto,berretto,berretto,berretto,beret,berbera,cappello fedora
clothes,cappello,cappello con visiera,cappello a cilindro,cappello da cowboy,berretto,cappello da pescatore,berretta,cappello a cilindro,cappello di feltro,fedora,beretta,berretta
clothes,cappello,fedora,berretto,cappello di paglia,fedora,cappello da cowboy,cappellino,cappello da cowboy,cappello a pompino,cowboy hat,cappello da lavoro,cappello di paglia
clothes,cappotto,cappotto lungo,trench,cappotto di pelliccia,giacca,cappotto invernale,cappotto di lana,cappotto lungo,capello,pea coat,cappotto in pelle,giacca
clothes,cappotto,cappotto impermeabile,parka,cappotto di lana,mantello,cappotto da cerimonia,cappotto di pelle,cappotto di pelle,scarpe da neve,piumino,cappotto da baule,cappotto per uomo
clothes,cappotto,cappotto corto,cappotto invernale,cappotto di pelle,pelliccia,cappotto di pelle,cappotto di pelliccia,cappotto corto,cappotto di lana,capa,cappotto di cotone,mantello
foods,carne,carne di maiale,manzo,manzo,manzo,manzo,manzo,manzo,pollo,pollo,manzo,bovino
foods,carne,carne rossa,carne di manzo,maiale,agnello,vitello,vitello,salame,manzo,manzo,bovino,carne di manzo
foods,carne,carne di pollo,pollo,tacchino,maiale,tacchino,bisonte,tacchino,maiale,maiale,suino,beef
vehicles,carrozza,calesse,calesse,carrozza ferroviaria,treno,carrozza ferroviaria,carrozza ferroviaria,carrozza ferroviaria,automobile,carrozza a cavallo,carrozza passeggeri,carrozza a quattro ruote
vehicles,carrozza,carrozza a cavalli,berlina,carrozza da guerra,vettura,carrozza letto,carrozza funebre,carrozza da viaggio,treno,carrozza di cavalli,cassa,carrozza a tre piani
vehicles,carrozza,berlina,coupé,treno,carrozza a cavalli,carrozza ristorante,carrozza da parco giochi,carrozza da parata,autobus,carrozza classica,vagoni,carrozza a tre ruote
hobbies,carte,carte da gioco,biglietto,carta da regalo,carte di credito,carta igienica,carta da parati,biglietto da visita,tarocchi,tarocchi,carta da gioco,carte da gioco
hobbies,carte,carte napoletane,carta di credito,carta da parati,carta da cucina,carta da forno,carta da gioco,carta di credito,carta da gioco,carte da gioco,carta di credito,carta da gioco
hobbies,carte,carte da poker,biglietto da visita,biglietto,carte di debito,carta da parati,carta da cucina,carta da gioco,carta da parati,carta di credito,carta da cucina,carta bolla
furniture,cassettiera,cassettiera di legno,cassettiera da ufficio,cassettiera da bagno,cassettiera a rotelle,cassettiera da camera da letto,cassettiera da tavola,cassettiera da camera da letto,cassettiera di legno,armadio,sony,cassette
furniture,cassettiera,settimino,cassettiera da cucina,cassettiera a muro,cassettiera a ruote,cassettiera per ufficio,cassettiera per cucina,cassettiera con ante scorrevoli,cassettiera bianca,armadio a due porte,"cassette 7""",cassa
furniture,cassettiera,comò,cassettiera da bagno,cassettiera da cucina,cassettiera per cucina,cassettiera da ingresso,cassettiera per sigarette,cassettiera a ponte,cassetta,armadio a quattro porte,cd,scaffale
animals,cavallo,cavallo da corsa,appaloosa,destriero,cavallo da guerra,quarter horse,cavallo da corsa,purosangue,cavallo da corsa,cavallo da corsa,pony,pony
animals,cavallo,pony,arabo,purosangue,cavallo da lavoro,tennessee walking horse,cavallo da tiro,cavallo da corsa,cavallo da lavoro,pegaso,cavallo domestico,stallione
animals,cavallo,cavallo purosangue,purosangue,bardotto,cavallo da corsa,lipizzano,cavallo da trazione,arabo,cavallo da tiro,cavallo selvaggio,cavallo da lavoro,cavallo da corsa
hobbies,cd,cd audio,cd-rom,cd singolo,album,cd audio,compact disc,cd audio,compact disc,cd-r,cd singolo,cd-rom
hobbies,cd,cd-rom,cd+g,cd single,disco,cd-midi,cd audio,cd-rom,cd-r,disco compacto,cd-rom,cd singolo
hobbies,cd,cd musicale,cd audio,cd ep,mixtape,cd-extra,cd-text,cd di dati,cd-rom,cd-rw,musica,musica
furnishings/fittings,centrotavola,centrotavola di fiori,vaso,centrotavola in legno,centrotavola in legno,centrotavola floreale,tavolo rotondo,mazzo di fiori,pizzeria,centrotavola con pianta,tavola,tavola
furnishings/fittings,centrotavola,centrotavola con candele,candeliere,centrotavola di vetro,centrotavola con sedie,centrotavola da festa,tavola rotonda,composizione floreale,centro tavola,tavola,tavola da gioco,tavolino
furnishings/fittings,centrotavola,centrotavola di pizzo,centrotavola di natale,centrotavola di legno,ceramica,centrotavola di candele,tavolo da pranzo,centrotavola di vetro,autobus,centrotavola con pianta nera,tavola da cucina,tavola per cucina
foods,cereale,grano,riso,riso,riso,grano,oatmeal,avena,mais,granola,biscotti,farina
foods,cereale,avena,avena,farro,avena,riso,muesli,frumento,arancia,frullatore,pasta,amido
foods,cereale,farro,grano,kamut,orzo,frumento,chex,orzo,biglietto,pasta di mais,pane,avena
body parts,cervello,cervello umano,cervello umano,cervello umano,cerebro,cervello umano,cervello umano,neocorteccia,cerebro,cerebro,cerebro,cerebro
body parts,cervello,cervello animale,cervello rettile,cervello di insetto,meningi,cervello artificiale,corteccia cerebrale,cerebello,encefalo,encefalo,pons,midbrain
body parts,cervello,cervello rettiliano,cervello artificiale,cervello di anfibi,encefalo,cervello sano,talamo,talamo,lobi cerebrali,cerebrum,cortex,ponte
hobbies,chitarra,chitarra elettrica,chitarra classica,chitarra acustica,classica,chitarra acustica,chitarra acustica,chitarra acustica,chitarra acustica,chitarra acustica,chitarra acustica,chitarra elettrica
hobbies,chitarra,chitarra acustica,chitarra acustica,chitarra classica,acustica,classica,chitarra sitar,chitarra elettrica,chitarra elettrica,chitarra elettrica,chitarra basso,chitarra acustica
hobbies,chitarra,chitarra classica,chitarra semiacustica,chitarra elettrica,elettrica,chitarra classica,chitarra banjo,chitarra classica,chitarra classica,chitarra basso,chitarra a 6 corde,chitarra basso
plants,ciclamino,ciclamino bianco,ciclamino alpino,ciclamino rosso,rosa,ciclamino di napoli,ciclamino rosa,ciclamino comune,biciciclo,ciclamino rosso,pet,tulipano
plants,ciclamino,ciclamino rosa,cyclamen africanum,ciclamino comune,giardiniere,cyclamen coum,ciclamino comune,ciclamino africano,scooter,ciclamino bianco,pvc,ciclamino rosso
plants,ciclamino,ciclamino dei boschi,ciclamino di creta,ciclamino di montagna,viola,ciclamino purpureum,ciclamino viola,ciclamino persiano,bicicletta,ciclamino in vase,ciclamino 1,ciliegio
plants,ciliegio,ciliegio in fiore,ciliegio dolce,ciliegia,ciliegia,prunus avium,ciliegio comune,ciliegio acido,acacia,fiori di ciliegio,rosso,albero
plants,ciliegio,albero,ciliegio giapponese,ciliegio nero,ciliegia di prato,prunus serrulata,ciliegio d'italia,ciliegio selvatico,acero,albero di ciliegio,acacia,acacia
plants,ciliegio,ciliegio dolce,ciliegio amaro,ciliegio selvatico,ciliegia di bosco,prunus subhirtella,ciliegio di sibiria,ciliegio dolce,frullato,ciliego con fiori,ciliegio a cuscino,cherry blossom
foods,cioccolato,cioccolato fondente,fondente,cioccolato bianco,cioccolata,cioccolato fondente,bianco,cioccolato fondente,cioccolata,cioccolata,bianco,barretta
foods,cioccolato,cioccolato bianco,gianduja,cioccolato fondente,cioccolatini,cioccolato con nocciole,fondente,cioccolato al latte con nocciole,cioccolata fondente,cioccolata con panna,bicioccolato,baci
foods,cioccolato,cioccolato al latte,al latte,cioccolata calda,cioccolato fondente,cioccolato con peperoncino,barra,cioccolato fondente con frutta secca,cioccolata bianco,cioccolata con caramello,biscotti,barra
stationery,colla,colla vinilica,colla a caldo,colla adesiva,adesivo,colla vinilica,colla da carta,colla a caldo,colla da barba,colla per capelli,adesivo,adesivo
stationery,colla,colla stick,colla vinilica,colla per legno,colla per cartone,colla stick,colla da metallo,colla per carta,colla per capelli,colla frizzante,adesivo a base di gomma,pasta da leggere
stationery,colla,colla a caldo,colla a freddo,colla universale,colla per legno,colla istantanea,colla da plastica,colla a base di acqua,balsamo di colla,collaerogel,bolla,colla adesiva
body parts,collo,collo lungo,collo di camicia,collo di cigno,collo di vetro,collo della camicia,collo di animale,cravatta,collo di carta,collo di persona,collo vertebrale,bocca
body parts,collo,collo all' italiana,collo a v,collo di gallina,bocca,collo della maglietta,collo vertebrato: parte anatomica del corpo che supporta la testa e sostenuta dal torace e dal tronco cervicale,camicia,collante,collo di carta,collo bollente,occhi
body parts,collo,collo alla coreana,collo alto,collo di bottiglia,collo di bue,collo di una bottiglia di vino,collo di bottiglia,foulard,collo del cielo,collo di un uomo,collo-falange,fianco
housing buildings,colonna,colonna dorica,sonora,colonna sonora,palazzo,colonna sonora,colonna idraulica,colonna sonora,colonna sonora,colonna di marmo,colonna di supporto,colonna di supporto
housing buildings,colonna,colonna corinzia,dorica,colonna di liquido,telecolonna,colonna di sostegno,colonna di sale,colonna vertebrale,colonna di legno,colonna di legno,colonna vertebrale,colonna regina
housing buildings,colonna,colonna ionica,corinzia,colonna di gas,verticale,colonna di distillazione,colonna vertebrale,colonna d'aria,colonna di una struttura,colonna di pietra,colonna di riferimento,colonna inglese
kitchenware,coltello,coltello a serramanico,coltello da cucina,coltello da cucina,coltello da cucina,coltello da cucina,coltello da cucina,coltello da cucina,coltello da cucina,coltello da cucina,coltello da cucina,coltello da cucina
kitchenware,coltello,coltello da cucina,coltello da pane,coltello da carne,coltello da pesca,coltello da caccia,coltello da carne,coltello da pane,coltello da frullatore,coltello da caccia,coltello da cucina da taglio,coltello da taglio
kitchenware,coltello,coltello da pane,coltello da frutta,coltello da pesce,coltello da caccia,coltello da pesca,coltello da filo,coltello da cucina giapponese,coltello da legno,coltello da frullatore,coltello da taglio da cucina da taglio,cucchiaio
furniture,comodino,comodino di legno,comodino classico,comodino da notte,letto,comodino in legno,comodini da cucina,comodino da notte,bidet,comodino bianco,cassetta,cassette
furniture,comodino,comodino a cassetti,comodino a due cassetti,comodino a tre cassetti,cuscino,comodino in metallo,comodino da cucina,comodino con ruote,lavastoviglie,comodino di legno,scatola,scrivania
furniture,comodino,comodino basso,comodino minimalista,comodino a rotelle,cassettone,comodino industriale,scrivania,comodino con cassetti,lavanderia,comodino con cassetta,arma,scaffale
hobbies,computer,computer portatile,supercomputer,desktop,desktop,desktop,desktop computer,desktop,desktop,desktop computer,desktop,desktop
hobbies,computer,computer fisso,minicomputer,supercomputer,laptop,thin client,smartphone,laptop,personal computer,laptop,tablet,tablet
hobbies,computer,pc,mainframe,minicomputer,tablet,workstation,pocket computer,netbook,tablet,tablet,smartphone,pc
furniture,comò,comò a cassetti,comò classico,comò a muro,cassettone,comò antico,scatola a molla,comò a cassetti,comò di legno,computer,borsa,monitor
furniture,comò,comò di legno,comò da ingresso,comò a specchio,comodino,comò in stile industriale,cassettiera,comò con specchio,comò esterno,comò a pié di letto,pettinato,mouse
furniture,comò,comodino,comò da notte,comò a mensola,comò a braccioli,comò classico,cassettone,comò con ante,comò d'acqua,comò fax,comò di stoviglie,macchina per scrivere
animals,coniglio,coniglio nano,coniglio nano,coniglio europeo,lepre,coniglio nano,coniglio selvatico,coniglio selvatico,coniglio selvatico,coniglio di cartone,coniglio selvatico,coniglio selvatico
animals,coniglio,coniglio bianco,coniglio gigante,coniglio di palude,cinghiale,coniglio domestico,coniglio d'india,coniglio domestico,conigliaccio,coniglio reale,coniglio domestico,coniglio selvatico americano
animals,coniglio,lepre,coniglio europeo,coniglio domestico,cervo,coniglio ariete,coniglio europeo,coniglio angora,coniglio domestico,coniglio bianco,coniglio di cappella,coniglio selvatico europeo
furnishings/fittings,cornice,cornice di legno,cornice per quadri,cornice per foto,cornice per finestre,cornice per foto,cornice pittorica,cornice per quadri,cornice di vetro,cornice di vetro,cornice interna,cornice modulare
furnishings/fittings,cornice,cornice barocca,cornice per specchio,cornice da quadro,cornice in legno,cornice da parete,cornice architettonica,cornice per foto,cornice di foto,cornice di casa,cornice a cavo,cornice d'angolo
furnishings/fittings,cornice,cornice di plastica,cornice per specchi,cornice fotografica,cornice per finestra,cornice in legno,cornice fotografica,cornice fotografica,cornice decorativa,tramezzo,cornice di legno,cornice di pietra
furniture,credenza,credenza di legno,armadio,credenza a muro,banca,credenza da cucina,armoire,credenza in stile rustico,armadio,armadio,tavolo,scaffale
furniture,credenza,vetrinetta,mobile,armadio,istituto di credito,credenza angolare,credenza a quattro gambe,credenza a giorno,buffet,cabinet,armadio,scrivania
furniture,credenza,credenza religiosa,credenza in legno,credenza da cucina,cassa di risparmio,credenza a muro,credenza industriale,credenza in stile shabby chic,credenza mobile,credenza a porta,cassetta,cassette
hobbies,cruciverba,cruciverba a schema libero,cruciverba classico,cruciverba a parole,puzzle,cruciverba classico,puzzola,cruciverba classico,croce di malta,1,*,1
hobbies,cruciverba,parole crociate,enigmistica,cruciverba a parole incrociate,anagramma,cruciverba a tema,indovinello a parole crociate,cruciverba a tema,2048,14,1. quiz,scacchiera
hobbies,cruciverba,rebus,cruciverba a schema variabile,cruciverba a parole chiuse,crocifisso,cruciverba tematico,puzzle a parole croce,cruciverba tematico,croce di giuda,5x5,anagrammi,scacchettone
kitchenware,cucchiaio,cucchiaino,cucchiaio da dessert,cucchiaio da tavola,cucchiaio di legno,cucchiaio da tavola,cucchiaio da tavola,cucchiaio da minestra,tazza,tazza,cucchiaio da bocca,cucchiaio da cucina
kitchenware,cucchiaio,cucchiaio da tè,cucchiaio da minestra,cucchiaio da dessert,cucchiaio da tavola,cucchiaio da cucina,cucchiaio da neonato,cucchiaio da tavola,piatto,colazione,bicchiere,cucchiaio da tavola
kitchenware,cucchiaio,cucchiaio di legno,cucchiaio da zuppa,cucchiaio da tè,cucchiaio da cucina,cucchiaio da dessert,cucchiaio da tazza,cucchiaio da dessert,piatti,spatola,cucchiaio per bocca,cucchiaio per bocca
housing buildings,cucina,cucina italiana,cucina a gas,cucina in muratura,forno,cucina americana,cucina moderna,fornello,fornace,frullatore,cucina americana,cucina da camere
housing buildings,cucina,cucina cinese,cucina etnica,cucina in acciaio,pentola,cucina lineare,cucina industriale,tostapane,forno,lavastoviglie,fornace,stoviglia
housing buildings,cucina,cucina vegetariana,cucina molecolare,cucina a gas,padella,cucina in muratura,cucina tradizionale,caffettiera,grattacielo,fornace,cucina mobile,stoviglie
body parts,cuore,cuore anatomico,cuore umano,cuore umano,cuore umano,cuore umano,cuore umano,cuore umano,cuore umano,simbolo del cuore,aorta,ventricolo
body parts,cuore,cuore umano,cuore di maiale,cuore di pesce,cardiologia,cuore artificiale,cuore di cristallo,cuore di pollo,cuore di legno,anatomia del cuore,ventricoli,corda
body parts,cuore,cuore spezzato,cuore di pollo,cuore di pomodoro,cuore di pietra,cuore sano,cuore di vetro,cuore di una stella,cuore di carta,"anatomia: cuore umano, cuore animali",cardiomioplastica,ventricoli
furnishings/fittings,cuscino,cuscino in memory foam,cuscino a forma di cuore,cuscino di piuma,cuscino da letto,cuscino da seduta,cuscino da letto,cuscino per il collo,cuscino da letto,cuscino da letto,cuscino da letto,cuscino per letto
furnishings/fittings,cuscino,cuscino di piuma,cuscino per il collo,cuscino di supporto,cuscino a forma di animale,cuscino da viaggio,cuscino da sedere,cuscino per la testa,cuscino da sedere,poltrona,cuscino a pelle,pillow
furnishings/fittings,cuscino,cuscino da divano,cuscino da viaggio,cuscino per la schiena,cuscino a forma di cuore,cuscino da orlo,cuscino per testa,cuscino per la schiena,cuscino da camicia,divano,cuscino per letto,cuscino da letto
animals,delfino,delfino comune,delfino comune,delfino comune,delfino comune,delfino comune,delfino comune,delfino comune,delfino comune,delfino bianco,delfino comune,squalo
animals,delfino,orca,stenella striata,delfino azzurro,delfino del mediterraneo,tursiops truncatus,common bottlenose dolphin,tursiops truncatus,delfino bianco,delfino grigio,delphinus capensis,delfino comune
animals,delfino,delfino rosa,stenella coeruleoalba,delfino del giappone,delfino del pacifico,delfino comune o delfino tursiope,delfino spada,delfino di risso,delfino rosso,delfino gigante,pesce,orca
furniture,divano,divano letto,divano letto,divano letto,divano a due posti,divano letto,divano a due posti,divano a due posti,poltrona,sofa,divano a sedere,divano da letto
furniture,divano,divano a due posti,divano a due posti,divano reclinabile,divano a cuscini,divano modulare,divano da giardino,divano a l,sofa,canape,divano a schiena,sofà
furniture,divano,divano ad angolo,divano a tre posti,divano a tre posti,divano a tre posti,divano reclinabile,divano a canape,divano chesterfield,canapé,poltrona,divano a tavola,divano-letto
plants,edera,edera rampicante,edera comune,edera per esterni,edera comune,edera comune,edera comune,hedera helix,edera comune,edera comune,acacia,acacia
plants,edera,edera velenosa,edera terrestre,edera pendula,edera di mare,edera giapponese,edera gialla,hedera colchica,edera americana,edera americana,eucalyptus,acanto
plants,edera,edera comune,edera canadese,edera per pareti,erba,edera variegata,edera bianca,edera comune,edera nera,edera variegata,pianta,acero
animals,elefante,elefante africano,elefante africano,elefante africano,elefante africano,africano,african elephant,elefante africano,elefante africano,elefante africano,elefante africano,elefante africano
animals,elefante,elefante indiano,elefante asiatico,elefante marino,elefante di sumatra,elefante africano,elefante africano,elefante marino,elefante asiatico,elefante africano indiano,african elephant,elefante asiatico
animals,elefante,elefante asiatico,elefante nano,elefante nano,elefante asiatico,asiatico,mammoth elephant,elefante asiatico,elefante africano meridionale,elefante asiatico,africa,elefante sudanese occidentale
vehicles,elicottero,elicottero militare,elicottero leggero,elicottero da trasporto,helicottero,elicottero da turismo,elicottero militare,elicottero da trasporto,elicottero militare,elicottero militare,bell 47,elicottero militare
vehicles,elicottero,elicottero del pronto soccorso,hughes 500,elicottero militare,aerei da trasporto,elicottero da addestramento,elicottero da trasporto,elicottero da combattimento,elicottero civile,elicottero da ricerca,elicottero militare,elicottero d'attacco
vehicles,elicottero,elicottero privato,westland lynx,elicottero da ricerca e soccorso,helicoptero,elicottero da trasporto,elicottero d'aggiustamento,elicottero da ricognizione,elicottero da ricognizione,elicottero da trasporto,helicoptero,elicottero da caccia
stationery,evidenziatore,evidenziatore giallo,pastello,evidenziatore a matita,pennarelli,evidenziatore a penna,"evidenziatore linguistico: highlighter, penna da segnalazione, marker",evidenziatore giallo,monitor,microfono,marker,penna
stationery,evidenziatore,evidenziatore verde,evidenziatore liquido,evidenziatore a sfera,pennarello,evidenziatore a secco,"evidenziatore di testo: penna da segnalibro, penna da sottoscritto, penna da sottolineare, penna da segnalare, penna da annotare",evidenziatore verde,camerino,fotocamera,penna,pennarello
stationery,evidenziatore,evidenziatore fluorescente,evidenziatore a liquido,evidenziatore a luce,matita,evidenziatore fluorescente,evidenziatore rosso,evidenziatore a gel,strumento di misura,stilizzazione di un pennello,ricerca,stilo
clothes,felpa,felpa con cappuccio,felpa con cappuccio,felpa da sci,seta,felpa con cappuccio,felpa antica,felpa con cappuccio,felpeggino,felpa bianca,birra,jeans
clothes,felpa,felpa con cerniera,felpa senza cappuccio,felpa da golf,cotone,felpa da running,felpa usata,felpa senza cappuccio,borsa,felpa con maniche lunghe,bicchierino,camisa
clothes,felpa,felpa senza cappuccio,felpa a maniche lunghe,felpa da ginnastica,lana,felpa da yoga,felpa greca,felpa unisex,scarpe da ginnastica,capo da lavoro,t-shirt,polo
plants,ficus,ficus benjamin,ficus aurea,ficus carica,ficus benghalensis,ficus benjamina,ficus lyrata,ficus benjamina,ficus benjamina,ficus benjamina,ficus benjamina,ficus benjamina
housing buildings,finestra,finestra a una anta,finestra a ghigliottina,finestra a ghigliena,finestra di comunicazione,finestra a battente,finestra a vetro singolo,finestra a battente,finestrella,finestra aperta,finestra aperta,porta
housing buildings,finestra,portafinestra,finestra scorrevole,finestra a sbarra,finestra singola,finestra a vasistas,finestra aperta,finestra scorrevole,finestra aperta,finestre aperte,finestra chiusa,vetro
housing buildings,finestra,finestra a battente,finestra a nastro,finestra a battente,finestra a muro,finestra a oculo,finestra chiusa,finestra panoramica,finestrino,finestra alta,griglia,muro
furnishings/fittings,fioriera,fioriera in terracotta,vaso,vaso di fiori,vaso,fioriera da interno,vaso fiori,vasi,fioraio,vase,fiori,pianta
furnishings/fittings,fioriera,fioriera in plastica,cesto,vaschetta,vaso da fiori,fioriera in plastica,urna fiori,fioriera da tavolo,bar,pianta,giardino,fiore
furnishings/fittings,fioriera,fioriera da balcone,ciotola,terracotta,vaso di vetro,fioriera in terracotta,tazza fiori,fioriera da esterno,ristorante,bambù,pianta,vasi
stationery,foglio,foglio A4,foglio di carta,carta da parati,carta,foglio di carta,foglio carta,foglio di carta,foglio di carta,foglio di carta,carta,carta
stationery,foglio,foglio a quadretti,foglio di via,carta,foglio di carta,foglio di plastica,carta da scrittura,foglio a4,carta,foglio di giornale,carta da telefono,carta da telefono
stationery,foglio,foglio a righe,foglio di alluminio,foglio di musica,foglio di velluto,foglio di gomma,foglio di carta igienica,foglio di plastica,certificazione,carta,carta da stampa,carta da scrittura
kitchenware,forbice,forbice con punta arrotondata,forbici da cucito,forbici da cucito,forbice da giardino,forbice da giardinaggio,forbice da tagliare il filo,forbici da cucina,forbice da taglio,forbice da taglio,forbice da taglio,forbice da taglio
kitchenware,forbice,cesoia,forbici da potatura,forbice da capelli,forbice a mano,forbice per capelli,forbice da cucito,forbici da giardino,forbice da barba,forbice da capelli,forbice da taglia,forbice da legno
kitchenware,forbice,forbice da sarto,forbici da sarto,forbici da unghie,forbice a manubrio,forbice chirurgica,forbice da taglio,forbici da potatura,forbici da cucinare,forbice da barba,forbice per capelli,pinza
kitchenware,forchetta,forchetta da dolce,forchetta da dessert,forchetta da pesce,forchetta da tavola,forchetta da tavola,forchetta da tavola,forchetta da insalata,forchetta da carne,fork,forchetta da cucina,forchetta da cucina
kitchenware,forchetta,forchetta da tavola,forchetta da pesce,forchetta da cocktail,forchetta da tavolo,forchetta da antipasto,forchetta da barbecue,forchetta da dessert,forchetta da pesce,forchetta da cucina,forchetta da tavola,cucchiaio
kitchenware,forchetta,forchetta da pesce,forchetta da insalata,forchetta da sushi,forchetta da bar,forchetta da spiedino,forchetta da frutta,forchetta da tavola,forchetta da pasta,forchetta da pasta,spiedo,spillo
foods,formaggio,parmigiano,asiago,parmigiano,parmigiano,cheddar,mozzarella,formaggio fresco,mozzarella,gouda,gorgonzola,caciocavallo
foods,formaggio,formaggio stagionato,brie,mozzarella,parmigiano-reggiano,parmigiano-reggiano,cheddar,cheddar,gorgonzola,parmigiano,pecorino,pecorino
foods,formaggio,brie,burrata,gruyère,gorgonzola,camembert,roquefort,formaggio stagionato,parmigiano,provolone,brie,formaggio di burro
furnishings/fittings,fotografia,fotografia in bianco e nero,autoritratto,fotocamera,fotografia a colori,ritratto,fotografia digitale,fotocamera,fotocamera,fotografo,fotocamera,fotografia digitale
furnishings/fittings,fotografia,fotografia digitale,ritratto,polaroid,fotografia sportiva,fotografia di architettura,fotografia underwater,ritratto,telecamera,fotografia in bianco e nero,fotografo,fotografia tradizionale
furnishings/fittings,fotografia,fotografia a colori,fotografia di viaggio,fotogramma,fotografia aerea,fotografia sportiva,fotografia panoramica,obiettivo,fotogiornalista,fotogiornale,cinecamera,scatta
foods,frutta,banana,mela,arance,arancia,mela,arancia,mela,arancia,mela,mela,mela
foods,frutta,mela,uva,mele,banana,ribes,mela,uva,mela,pomodoro,banana,mango
foods,frutta,arancia,arancia,albicocche,mela,more,mango,ciliegia,ananas,ananas,mango,prugne
vehicles,furgone,furgone camperizzato,ducato,furgone cargo,autobus,furgone per trasporto merci,furgone pieno,furgone per traslochi,fiat 500,furgone bianco,camioncino,camion
vehicles,furgone,van,furgoncino,furgone a cassetta,furgone a due o più posti,furgone isotermico,camionetta,furgone da lavoro,fiat panda,van,van,van
animals,gallo,gallo cedrone,gallo cedrone,gallo cedrone,gallina,gallo domestico,gallo domestico,gallina,gallina,gallina,gallo selvatico,gallina
animals,gallo,gallo nero,gallo bankiva,gallo di razza,gallo selvatico,gallo cedrone,gallo selvatico,pollo,gallo nero,gallo selvatico,gallina,coccodrillo
body parts,gamba,gamba del tavolo,gamba di legno,gamba anteriore,gamba di legno,zampa di animale,gamba destra,gambe umane,braccio,gambe di persona,gamba destra,femorale
body parts,gamba,gamba umana,gamba di un tavolo,ginocchio,gambe di tavolo,gamba di tavolo,gamba femorale,gamba di tavoli,ginocchio,gamba destra,g,leg
body parts,gamba,gamba di legno,gamba di un letto,caviglia,gambe di legno,gamba di sedia,gamba tibiale,gamba di un tavolo,gamba di camicia,gamba di legno,femorale,gamba sinistra
animals,gatto,gatto siamese,siamese,gatto domestico,gatto domestico,abissino,bengali,maine coon,gatto domestico,gatto domestico,domestico,gatto domestico
animals,gatto,gatto persiano,maine coon,gatto selvatico,gatto da caccia,abyssinian,persiano,siamese,gattino,gattino,felino domestico,domestico
animals,gatto,maine coon,siam,gatto egiziano,gatto selvatico,chartreux,siamese,bengalese,gatto selvatico,cane,cat,gatto di casa
plants,geranio,geranio rosso,geranio a foglie di quercia,geranio rosso,fiore,geranio zonale,geranio comune,geranio comune,geranio comune,geraniolo,geranium sanguineum,pelargonium
plants,geranio,edera,geranium maculatum,geranio cinese,rosa,geranio selvatico,geranio rosso,geranio zonal,geraniolo,geraniace,rosso,ipomma
plants,geranio,geranio rosa,geranio a fioritura continua,geranio a terra,viola,geranio di ivy,geranio zonale,geranio africano,rosa,fiore di geranio,big ben,'geranium'
clothes,giacca,giacca a vento,giacca a vento,giacca da pelle,giacca da uomo,blazer,giacca windbreaker,giacca a vento,giacca da uomo,giacca da uomo,bomber,cardigan
clothes,giacca,giacca di pelle,giacca sportiva,giacca da lavoro,giacca da donna,giacca in pelle,giacca gomma,giacca di pelle,bomba,giacca da moto,giacca-faccia,giacca da uomo
clothes,giacca,blazer,giacca da sci,giacca da golf,giacca da sera,cappotto,giacca a pelletteria,giacca a vento imbottita,giacca da neonato,giacca da lavoro,giacca sportiva,giubbino
clothes,gilet,doppiopetto,gilet antiproiettile,gilet di pelle,maglia,gilet senza maniche,gilet da motocicletta,gilet senza maniche,gilet di seta,vestiario,gilet pelle,giacca
clothes,gilet,monopetto,gilet imbottito,gilet da sci,camicia,gilet in pelle,gilet da caccia,gilet imbottito,cardigàn,vest,sport,gilet maschile
clothes,gilet,gilet elegante,bomber,gilet di pelliccia,gilet da polizia,gilet in pile,gilet da equitazione,gilet da lavoro,giubba gilet,vestito da uomo,gilet da moto,*gilet*
hobbies,gioco da tavola,monopoly,monopoli,scacchi,monoposto,monopoly,scacchi,monopoli,scopone,scacchiere,scacchiere,backgammon
hobbies,gioco da tavola,risiko,dama,monopoli,bingo,risiko,scopone,scacchi,scacchiere,poker,scacchi,scacchiere
hobbies,gioco da tavola,cluedo,scarabeo,scrabble,mancala,monopoli,rummikub,ticket to ride,rummikub,scopone,go,scacchi
hobbies,giornale,giornale quotidiano,quotidiano,corriere,quotidiano,quotidiano,quotidiano,quotidiano,corriere della sera,foglio,corriere della sera,quotidiano
hobbies,giornale,giornale sportivo,corriere della sera,gazzetta,quotidiani,settimanale,giornale online,gazzetta,gazzetta,notizia,*the new york times*,settimanale
hobbies,giornale,giornale settimanale,rotocalco,notiziario,settimanale,giornale locale,giornale gratuito,newsletter,quotidiano,articoli,quotidiano,giornale locale
animals,giraffa,giraffa africana,giraffa di rothschild,giraffa maschio,giraffa africana,giraffa reticolata,giraffa africana,giraffa reticulata,giraffa comune,giraffa stilizzata,giraffa in libertà,
animals,giraffa,giraffa reticolata,masai,giraffa femmina,giraffa nubiana,giraffa meridionale,giraffa maschio,giraffa di rothsch,giraffa domestica,giraffa reale,giraffa reticulata,
plants,girasole,girasole giallo,girasole comune,girasole selvatico,solare,girasole comune,girasole comune,girasole comune,girasole coltivato,girasole nero,girasole gigante,
clothes,giubotto,bomber,giubbotto antiproiettile,giubbotto da lavoro,giubotto a manubrio,giubbotto di pelle,giubbotto da motocicletta,giubbotto di pelle,giubbetto,giubbino,bomber,veste
clothes,giubotto,piumino,giacca,giubbotto da sci,giubotto da donna,giubbotto da caccia,giubbotto da reggiseno,giubbotto di jeans,giubbino,giubba,giubetto da lavoro,giubbotto
clothes,giubotto,giubotto di pelle,giubbotto termico,giubbotto da immersione,giubotto in pelle,giubbotto da lavoro,giubbotto da calcio,giubbotto impermeabile,giubbino da lavoro,giubbetto,giubotto sportivo,giubotto per uomo
stationery,gomma,gomma da masticare,da masticare,pneumatico,gomma auto,pneumatico,gomma da masticare,pneumatico,gomma da masticare,gomma da masticare,pneumatico,pneumatico
stationery,gomma,gomma da cancellare,naturale,gomma da masticare,gomma da strada,gomma da masticare,gomma adesiva,tappo,elastica,gomma da bocche,bicicletta,bicicletta
stationery,gomma,pneumatico,gomma da cancellare,gomma da cancellare,gomma da bicicletta,elastico,gomma elastica,pneumatici,gomma da cucina,penne,gomma bianca,gomma per biciclette
clothes,gonna,minigonna,minigonna,gonna lunga,gonna lunga,gonna a tubino,going-on,gonna a tubino,gonna be,skirt,vai,andare
clothes,gonna,gonna lunga,gonna a ruota,gonna a vita alta,gonna corta,gonna a campana,gonna bag,gonna a matita,gatta,"gonna, il personaggio di cartoon",andare,ginnastica
clothes,gonna,gonna di jeans,gonna a campana,gonna a pieghe,gonna da ballo,gonna a matita,vestito da sera,gonna lunga,gonne da neve,abracci,'gonna',stoviglie
stationery,graffetta,graffetta di metallo,graffetta da ufficio,griffa,carta da scrivere,graffetta standard,graffetta da cucina,graffetta a molla,aerosol,grafitti,tag,penna
stationery,graffetta,fermacarte,graffetta per capelli,spillo,penna,graffetta push pin,graffetta a penna,graffetta metallica,grafitti,spray,graffiti,bolla
stationery,graffetta,graffetta di plastica,graffetta per carta,graffetta da camicia,carta grattugiata,graffetta da cucito,penna da graffio,graffetta classica,frullatore,graffita,stencil,barcode
clothes,guanti,guanti da sci,da sci,guanti da lavoro,guanti da lavoro,guanti da boxe,guanti da cucina,guanti da lavoro,guanti da lavoro,guanti da lavoro,guanti da lavoro,guanti da lavoro
clothes,guanti,guanti di gomma,in lattice,guanti da neve,guanti da ginnastica,guanti da giardinaggio,guanti da lavoro,guanti da neve,guanti da pesca,guanto,guanti da lavaggio,guanti da moto
clothes,guanti,guanti di pelle,invernali,guanti da boxe,guanti da sci,guanti da lavoro,guanti da golf,guanti da guida,guanti da bagno,guanti di pelle,guanti da bagnanti,guanti da tennis
foods,insalata,iceberg,caprese,insalata di pollo,insalata mista,insalata greca,insalata mista,insalata mista,insalata di carote,broccoli,insalata mista,insalata mista
foods,insalata,insalata russa,di quinoa,insalata di tonno,insalata di rucola,insalata di pasta,insalata di pollo,insalata di pasta,insalata di finocchio,spinaci,insalata caprese,insalata di pasta
foods,insalata,insalata mista,di farro,rucola,insalata di lattuga,insalata caprese,insalata di pasta,insalata di riso,insalata di pomodoro,lettore,insalata di verdure,insalata di patate
furnishings/fittings,lampada,lampada a led,abat-jour,lampada a incandescenza,lampada da tavolo,lampada da tavolo,lampada a incandescente,lampada alogena,lampada a olio,lampada a led,lampada a incandescenza,lampada a incandescenza
furnishings/fittings,lampada,abat jour,lampada a sospensione,lampada a led,lampada a muro,lampada a sospensione,lampada standard,lampada a led,lampada led,lampada da tavolo,lampada led,lampada da tavolo
furnishings/fittings,lampada,lampada da tavolo,lampada da tavolo,lampada a olio,lampada da letto,lampada da terra,lampada led,lampada a sospensione,lampada da tavolo,lampada a luce led,lampada ad arco,lampada led
furnishings/fittings,lampadario,lampadario di cristallo,plafoniera,lampadario da soffitto,lampada,a sospensione,lampadario a catino,lampadario a bracci,lampadario a candela,lampada,lampada,chandelier
furnishings/fittings,lampadario,lampadario antico,candelabro,lampadario a sospensione,lampadario a candelabro,a braccio,lampadario a filo,a bracci,lampada,lampadario classico,lampada ad olio,lampada
furnishings/fittings,lampadario,lampadario moderno,abat-jour,lampadario a muro,lampadario a braccio,a parete,lampadario a led,a piantana,lampadario di tavolo,lampadario con candelabro,lampadario da tavolo,candelabro
foods,latte,latte intero,latte di cocco,latte vaccino,latte fresco,latte di mucca,latte fresco,latte intero,latte di latte,caffè latte,latte di vacca,latte fresco
foods,latte,latte scremato,latte di soia,latte di mandorla,latte in polvere,latte di ceci,latte condensato,latte di capra,latte macchiato,latte caldo,latte di latte,latte frappé
foods,latte,latte parzialmente scremato,latte di capra,latte intero,latte scremato,latte di farro,latte skim,latte scremato,latte frappé,latte freddo,latte cow,latte di latte
foods,legume,fagioli,fagiolo,fagioli,lenticchie,fagioli,fagioli,patata,fagioli,fagioli,fagioli,fagioli
foods,legume,lenticchie,pisello,piselli,fagioli,fagiolo,zucchine,sedano,carote,piselli,piselli,fagiolini
foods,legume,ceci,lenticchia,ceci,ceci,soia,broccoli,broccoli,piselli,carote,fave,piselli
animals,leone,leone africano,leone asiatico,leone del congo,leone reale,leone masai,leone africano,leone africano,leone di carta,leone reale,leone reale,leonessa
animals,leone,leone bianco,leone maschio,leone di nubia,leone africano,leone del transvaal,leone marino,leone delle caverne,leone femmina,reale,african leopard,leone maschio
animals,leone,leone asiatico,leone del congo,leone d'africa,leoni maschi,leone africano,leone di sudan,leone marino,leone marino,leone di carta,leone maschio,leone femmina
furniture,letto,letto matrimoniale,lettino,letto singolo,divano,letto a una piazza e mezza,letto matrimoniale,letto singolo,letto singolo,letto singolo,romanzo,sofà
furniture,letto,letto singolo,a castello,letto matrimoniale,cuscino,letto ortopedico,letto da gomma,letto matrimoniale,divano,caneletto,racconto,divano
furniture,letto,letto a castello,letto a scomparsa,letto a baldacchino,sofa,letto singolo,letto da camping,letto a baldacchino,singolare:,letto a tre piani,libro,camerino
hobbies,lettore,lettore cd,lettore cd,lettore di cd,lettore cd,lettore cd,libro,lettore cd,libro,libro,libro,libro
hobbies,lettore,lettore dvd,lettore di musica,lettore di dvd,lettore di cd,lettore di codici a barre,newspaper,lettore dvd,libro elettronico,persona che legge un libro,computer,romanzo
hobbies,lettore,lettore mp3,lettore di ebook,lettore di schede di memoria,cd,lettore dvd,periodico,lettore di cd,giornale,libro in mano,tablet,rivista
furniture,libreria,libreria a scaffali,biblioteca,libreria da pavimento,scaffale,biblioteca,biblioteca,libreria online,libri,scaffale,libreria di riferimento,libro
furniture,libreria,libreria a muro,libreria digitale,libreria di seconda mano,libreria di seconda mano,libreria per bambini,libreria online,libreria pubblica,libreria online,pigne di libri,libro,enciclopedia
furniture,libreria,libreria indipendente,libreria universitaria,libreria online,libreria di musica,libreria a scaffale aperto,libreria accademica,libreria indipendente,libro,rack di libri,bibliofilia,libri
hobbies,libro,romanzo,romanzo,romanzo,romanzo,romanzo,romanzo,romanzo,romanzo,libro aperto,romanzo,libro di testo
hobbies,libro,libro giallo,saggio,trattato,saggio,biografia,testo scolastico,libro di testo,manuale,libro leggero,novella,libro cartaceo
hobbies,libro,fantasy,dizionario,poesia,enciclopedia,guida,biografia,libro di cucina,libro di testo,libro pelletta,paperback,romanzo
animals,lucertola,geco,iguana,lucertola verde,lucertola comune,agama,gecko,lucertola comune,lucertola comune,gecko,gecko,sauriano
animals,lucertola,iguana,varano,lucertola comune,lucertola di mare,lucertola leopardo,anolis,gecko,lucertola verde,iguana,lizard,gecko
animals,lucertola,lucertola comune,geco,lucertola di creta,lucertola d'acqua,varano,camaleontide,iguana,lucertola africana,skink,lucertola comune,lucertole giganti
clothes,maglia,maglia a maniche corte,maglia a coste,maglia di lana,maglia da donna,maglia a coste,maglia a reticello,maglia a manica corta,maglia da baseball,maglia a strisce,maglia a maniche lunghe,maglia a maniche corte
clothes,maglia,maglia a maniche lunghe,maglia a punto croce,maglia di cotone,camicia,maglia a collo alto,maglia a crochet,maglia a collo alto,maglia da polo,pullover,jersey,maglia a maniche lunghe
clothes,maglia,t-shirt,maglia a righe,maglia a cappuccio,maglia da golf,maglia a punto misto,maglia a quadrati,maglia a manica lunga,t-shirt,camicia,maglia a collo,maglia a collo
animals,maiale,maiale nero,cinghiale,maiale nero,maiale selvatico,suino nero casertano,maiale domestico,maiale domestico,maiale selvatico,porchetta,porco,porco
animals,maiale,scrofa,scrofa,maiale da latte,carne,suino,maiale maschio,maiale selvatico,maiale bianco,porcellino,cane,pig
animals,maiale,cinghiale,mammifero,maiale da carne,vitello,suino nero di calabria,maiale d'india,maiale vietnamita,maiale nero,maiale selvatico,capra,boar
body parts,mano,mano destra,mano destra,mano sinistra,dita,mano destra,mano destra,mano destra,mano destra,mano destra,mano destra,dita
body parts,mano,mano sinistra,mano morta,mano destra,mano destra,mano protesica,mano sinistra,mano sinistra,mano di persona,mano sinistra,mano sinistra,palma
body parts,mano,mano piccola,mano di fatima,mano artificiale,pollice,mano sinistra,mano di un animale,mano di un burattino,mano sinistra,dextera,braccio,palmare
plants,margherita,crisantemo,margherita comune,pizza margherita,pizza margherita,margherita di savoia,"margherita pizza: una varietà di pizza con salsa di pomodoro, mozzarella e basilico",pizza margherita,pizza,fior di margherita,pizza,pizza
plants,margherita,margherita bianca,margherita dei prati,pizza margherita con prosciutto,pizza,margherita comune,margherita pizza,margherita classica,pane,fiore di margherita,pizza margherita,margherita classica
plants,margherita,margherita di campo,margherita di savoia,pizza margherita con funghi,gelato margherita,margherita gigante,"margherita pizza: pizza con salsa di pomodoro, mozzarella e basilico",pizza margherita con mozzarella di bufala,focaccia,fiore di daisy,margherita pizza,margherita pizza
stationery,matita,matita hb,matita a colori,matita da disegno,matita stilografica,matita grafite,matita a graphite,matita da disegno,matita a grafite,matita meccanica,bic,
stationery,matita,matita colorata,matita nera,matita a grafite,matita di raffigurazione,matita meccanica,matita a olio,matita grafite,piombo,matita di legno,matita bic,
stationery,matita,matita morbida,pastello,matita a carboncino,matita a carbonio,matita colorata,matita a bolla,matita per scuola,1b,matita da contadino,matita rossa,
kitchenware,mestolo,mestolo di legno,mestolo forato,mestolo da zucchero,bicchiere,mestolo in acciaio inossidabile,tazza,mestolo da cucina,tazza,pentola,pittura acrilica,coclea
kitchenware,mestolo,schiumarola,mestolo da minestra,mestolo di legno,cucchiaio,mestolo di legno,tazza da tè,mestolo da minestra,piatto,tazza,bollente,tazza
kitchenware,mestolo,paletta,mestolo lungo,mestolo in legno,tazza,mestolo con manico termoresistente,tazza da succo,mestolo da gelato,pentola,cazzuola,bottiglia,vaso
furnishings/fittings,metro,metro da sartoria,metro quadrato,metro a nastro,metro a mano,metro a nastro,metro lineare,metro lineare,metro aereo,pendolo di metro,metropolitana,metro-stop
furnishings/fittings,metro,metro a nastro,metro cubo,metro a catena,misuratore di distanze,metro da falegname,metro lineare: misura lineare base per la misura della lunghezza,metro di misura,metro a,orologio,metro del nord,metro-centro
furnishings/fittings,metro,metro laser,metro lineare,metro a staffa,metro da corsa,metro rigido,metro lineare standard,metro di distanza,metrostazione,14,new york metropolitan transportation authority,orologio analogico
plants,mimosa,mimosa gialla,mimosa comune,albero,fiore,mimosa pudica,mimosa acida,mimosa pudica,mimosa giallo,mimosa sintetica,acacia,
plants,mimosa,mimosa delle quattro stagioni,mimosa sempreverde,alberi di mimosa,fiori,mimosa di acacia dealbata,mimosa pudica,mimosa scabrella,mimosa bianca,acacia,mimosa acuminata,
plants,mimosa,mimosa bianca,mimosa bimbalanga,mimosa di parma,specchio,mimosa malacophylla,mimosa vera,mimosa invisa,mimosa verde,mimosa africana,mimosa sylvaticum,
vehicles,motocicletta,scooter,enduro,scooter,scooter,motocicletta da strada,moto cross,scooter,scooter,motociclo,honda,scooter
vehicles,motocicletta,motocicletta da strada,chopper,motocicletta sportiva,motocicletta da turismo,motocicletta supersportiva,superbike,moto da cross,moto,motocicletta classica,ducati,motorino
vehicles,motocicletta,vespa,scooter,motocross,motocicletta da strada,motocicletta naked,scooter,motocicletta da enduro,motocross,motocross,yamaha,motociclo
animals,mucca,mucca da latte,ayrshire,mucca da latte,cavolo,holstein friesian,mucca domestica,vacca,vacca,vacca,bovino,bovino
animals,mucca,vacca,limousine,mucca da carne,mulassera,brown swiss,mucca angus,burro,mucca bovina,mucca bianca,bovino domestico,bovino domestico
animals,mucca,frisona,normanna,mucca da pelo,cavola,gelbvieh,mucca guernsey,yogurt,mucchetta,bovino,cow,bovino selvatico
housing buildings,muro,muro di mattoni,divisorio,muro di cinta,muro di confine,muro di mattoni,muro di cinta,muro di mattoni,muro di pietra,parte di un edificio,muro di cemento,parete
housing buildings,muro,muro portante,di sostegno,muro di confine,muro di cinta,muro di cinta,muro di contenimento,muro di contenimento,parapetto,pariete,muri di mattoni,parola: muro
housing buildings,muro,muro a secco,di contenimento,muro di pietra,muro di separazione,muro di contenimento,muri di cinta,muro di separazione,muro di legno,parte del muro,muri di pietra,paracadute
body parts,naso,naso aquilino,naso umano,naso umano,naso umano,naso umano,naso umano,naso aquilino,rinoceronte,profilo del volto con il naso,ossa nasale,bocca
body parts,naso,naso a patata,naso artificiale,naso di uccello,naso di cane,proboscide,proboscide,naso a patata,rinocerio,profilo del volto,profilo,labbra
body parts,naso,naso alla francese,naso camuso,naso di pesce,naso animale,naso equino,naso di un animale,naso ad uncino,frullatore,rinocerite,naso mascellare,faccia
vehicles,nave,nave da crociera,veliero,nave da guerra,nave da guerra,portaerei,incrociatore,nave da crociera,nave da crociera,nave da crociera,battello,motonave
vehicles,nave,nave cargo,traghetto,nave da carico,nave da carico,nave da carico,crociera,nave da carico,nave da battaglia,nave da guerra,nave da crociera,nave a vela
vehicles,nave,traghetto,nave da guerra,nave da pesca,fregata,nave da crociera,cargo ship,nave da soccorso,nave da pesca,nave da battaglia,vascello,nave a vapore
body parts,occhio,occhio a mandorla,occhio umano,occhio umano,palpebra,occhio umano,occhio umano,occhio di bue,occhio umano,occhio umano,oculo,cornea
body parts,occhio,occhio verde,umano,occhio di gatto,occhio destro,occhio di un insetto,occhio di uccello,occhio umano,occhio di insetto,oculo,occhio sinistro,birbinet
body parts,occhio,occhio marrone,occhio di gatto,occhio di bue,retina,occhio artificiale,occhio di tigre,oculo,occhio robotico,occhio artificiale,bocca,uomo
plants,orchidea,orchidea bianca,phalaenopsis,dendrobium,fiori,phalaenopsis,orchidee di fioritura unica,phalaenopsis,orchideacea,orchidea bianca,phalaenopsis,orchideea
plants,orchidea,cattleya,dendrobium,cattleya,albero,epidendrum,orchidea bianca,orchidea phalaenopsis,orchidea di fiori,fiori di orchidea,orchide,cattleya
plants,orchidea,orchidea rosa,oncidium,phalaenopsis,aconitifolia,masdevallia,orchidee di fioritura invernali,cattleya,orchidea bianca,orchidea di fiori,orchidea di fiori,orchidea bianca
body parts,orecchio,orecchio a sventola,orecchio umano,orecchio umano,orecchio interno,orecchio umano,orecchio esterno,orecchio esterno,orecchio umano,orecchino,orecchio destro,orecchio destro
body parts,orecchio,orecchio a punta,orecchio esterno,orecchio di cane,orecchio esterno,orecchio esterno,orecchio interno,orecchio medio,orecchio di cane,orecchietta,orecchio sinistro,orecchio esterno
body parts,orecchio,orecchio piccolo,orecchio interno,orecchio di gatto,orecchiette,orecchio medio,timpano,orecchio interno,orecchino,earbud,orecchio esterno,conchiglia
furnishings/fittings,orologio,orologio da polso,orologio da polso,orologio da polso,orologio da polso,orologio da polso,orologio da tasca,orologio da polso,orologio meccanico,orologio meccanico,orologio analogico,orologio analogico
furnishings/fittings,orologio,orologio a pendolo,orologio da parete,orologio da tasca,orologio da parete,orologio da tasca,orologio meccanico,orologio da cucina,orologio da polso,orologio da polso,orologio digitale,orologio digitale
furnishings/fittings,orologio,orologio a cucù,orologio da tasca,orologio meccanico,orologio a manovella,orologio da torre,orologio digitale,orologio digitale,orologio digitale,pendulum clock,orologio smartwatch,orologio elettronico
animals,orso,orso bruno,orso bruno,orso polare,orso grigio,orso polare,orso polare,orso polare,orso polare,orso polare,orso americano,orso bruno
animals,orso,orso polare,orso polare,orso bruno,orso polare,orso del gobi,orso grizzly,orso bruno,orso nero,orso nero,orso bruno,orso delle nevi
animals,orso,orso bianco,orso dal muso bianco,orso grizzly,orso nero,orso tibetano,orso bruno,orso grizzly,orso rosso,orso bruno,orsacino,orso d'asia
kitchenware,padella,padella antiaderente,padella antiaderente,padella di ghisa,pentola,padella antiaderente,padella da cucina,padella antiaderente,padella da cucina,padella da riso,padella da cucina,padella da cucina
kitchenware,padella,wok,padella in alluminio,padella in ghisa,cucchiaio,padella per paella,padella da crepe,padella per crepes,padella per risotto,padella di pasta,coclea,cazzotto
kitchenware,padella,padella per crepes,padella wok,padellone,padella in acciaio,padella per grigliare,padella da cucina in metallo,padella per uova,frullatore,padella con manico,padella da fegato,padella a manico
hobbies,palla,palla da calcio,pallone,palla da tennis,pallone,pallone da calcio,pallina da ping pong,palla da calcio,pallina,pallina,palla da calcio,calcio
hobbies,palla,palla da basket,pallone da calcio,palla da calcio,pallacanestro,palla da baseball,pallina da tennis,palla da biliardo,palla da baseball,palla da golf,palla da baseball,pallone da calcio
hobbies,palla,palla da volo,palla da baseball,palla da bowling,pallavolo,pallone da basket,pallina da pallavolo,palla da pallavolo,palla da calcio,palla da rugby,palla da tennis,pallone da tennis
body parts,pancia,pancia piatta,pancia a botte,pancetta,cappello,stomaco,addome,pancia piatta,ventre,ventre,stomaco,utero
body parts,pancia,pancia gonfia,pancia da birra,ventre,cuscino,addome,pancia umana,pancia gonfia,fegato,cinto,duodeno,bimbo
body parts,pancia,pancia piena,pancia di maiale,pancetta cotta,camicia,pancia prominente,addome umano,pancia rotonda,stomaco,fegato,fegato,fetus
foods,pane,pane integrale,ciabatta,pane integrale,pane integrale,baguette,pane bianco,pane bianco,pane bianco,pane di frullo,focaccia,pane integrale
foods,pane,baguette,focaccia,pane di riso,pane di segale,focaccia,pane sourdough,pane integrale,pane integrale,pane di segale,pane integrale,panino
foods,pane,ciabatta,baguette,pane di segale,pane di mais,pane integrale,focaccia,pane ai cereali,pane di mais,pane di mais,crocette,focaccia
clothes,pantalone,jeans,pantalone a vita alta,pantalone da lavoro,pantaloni da ballo,jeans,pantaloni corti,jeans,calze,jeans,commedia del tipo pantalone,pantalone a cuffia
clothes,pantalone,pantalone a zampa,pantalone a zampa d'elefante,pantalone corto,pantaloni da ginnastica,palazzo,pantaloni stretti,salopette,calzoncino,slacks,masked man,pantone
clothes,pantalone,pantalone a palazzo,pantalone da sci,pantalone lungo,pantaloni da sci,a sigaretta,flanelle,leggings,pantaloncini,chinos,personaggio del tipo pantalone,pantaloni corti
foods,pasta,spaghetti,spaghetti,spaghetti,spaghetti,spaghetti,spaghetti,spaghetti,spaghetti,spaghetti,spaghetti,spaghetti
foods,pasta,fusilli,fettuccine,linguine,fettuccine,rigatoni,fettuccine,maccheroni,penne,penne,penne,forchetti
foods,pasta,farfalle,penne,maccheroni,penne,maccheroni,maccheroni,penne,maccheroni,fettuccine,fettuccine,ravioli
stationery,pastello,pastello a cera,pastello a olio,pastello a olio,pastello a mano,pastello a olio,pastello a olio,pastello a olio,pasta,pennello,pasta,pastello a olio
stationery,pastello,pastello ad olio,pastello a cera,pastello a cera,penna,pastello a cera,pastello cera,pastello a carboncino,gnocchi,*pastello*,pastello a panna,pastello a tempera
stationery,pastello,pastello colorato,pastello a tempera,pastello a sabbia,pastello a maglia,pastello a gesso,pastello sanguigno,pastello a secco,bicchierino,tortellini,pastello a pietra,pastello di colori
housing buildings,pavimento,parquet,pavimento in legno,pavimento in legno,pavimento in legno,piastrelle,parquet,parquet,tappeto,tavolo,cemento,pavimento in cemento
housing buildings,pavimento,pavimento in marmo,piastrelle,pavimento in marmo,pavimento in pietra,parquet,marmo,piastrelle,linoleum,tappeto,pavimento in legno,pavimento di cemento
housing buildings,pavimento,pavimento in legno,moquette,pavimento in pietra,pavimento in tessuto,moquette,grasso,marmo,parquet,tavolà,pavimento in pietra,cemento
stationery,penna,penna a sfera,penna a sfera,penna stilografica,biro,penna a sfera,penna per scrivere,penna a sfera,penna a sfera,penna a sfera,penna a sfera,stilo
stationery,penna,penna stilografica,penna a inchiostro,penna a sfera,penna a inchiostro,penna pieghevole,penna da sintetizzare,penna a china,penna stilografica,penna tradizionale,penna a sbarra,penna per mano
stationery,penna,penna cancellabile,stilografica,penna da disegno,penna a matita,penna a punta fine,penna da sonda,penna a sfera a inchiostro lavabile,penna di plastica,penna gomma,pensa in borracce,penna in pennino
hobbies,pennello,pennello piatto,pennello da barba,pennello da pittore,pennello a mano,pennello da trucco,pennello da dipingere,pennello per acquerelli,pennello da cucina,pennello da tinta,pennello a mano,pennello a mano
hobbies,pennello,pennello da pittura,pennello per capelli,pennello per capelli,pennello a setole,pennello per acquerelli,pennello da vernice,pennello per tempera,pennello da dipinto,pennello da dipinto,pennello da bicchiere,pennello per acrilici
hobbies,pennello,pennello fine,pennello per pulizia,pennello per unghie,pennello elettrico,pennello per capelli,pennello da disegno,pennello da pittore,pennello acquarello,pensile,pennello da cucina,pennello per dipinti
kitchenware,pentola,pentola a pressione,pentola a pressione,pentola a pressione,pentola a pressione,pentola da forno,pentola da cucina,pentola a pressione,pentola da cucina,pentolaccino,pentola da cucina,pentola da cucina
kitchenware,pentola,pentola antiaderente,casseruola,pentola a coperchio,pentola da cucina,padella,pentola da fritto,pentola per risotti,pentola di bronzo,pentola con manico,pentolina,pentola a pressione
kitchenware,pentola,pentolino,pentola di ghisa,pentola a vapore,pentola da stufa,tegame,pentola da forno,pentola per pasta,pentolone,pentolaccio,pentola per cucina,pentolina
foods,pesce,tonno,sogliola,squalo,squalo,salmone,angelo rosso,salmone,salmone,salmone,pesce di mare,pesce d'acqua dolce
foods,pesce,pesce spada,squalo,tonno,anguilla,tonno,carpa,tonno,pesce spada,pesce gatto,baccala,pesce d'acqua salata
foods,pesce,merluzzo,trota,salmone,trutta,carpa,calamaro,pesce spada,pesce gatto,pesce spada,pesce da acqua dolce,abisso
kitchenware,piatto,piatto fondo,antipasto,piatto da portata,piatto da tavola,antipasto,piatto da cucina,piatto fondo,piatto da cucina,tazza,tavola,tazza
kitchenware,piatto,piatto piano,pasta,piatto da dessert,tazza,piatto etnico,piatto da dessert,piatto piano,piatto da tavola,piatto da riso,servizio in bianco,piatto da cucina
kitchenware,piatto,piatto da dolce,insalata,piatto da zuppa,piatto da pranzo,piatto vegetariano,tazza,piatto da servizio,piatto da frullato,piatto da pasta,piatto da cucina,tavola
body parts,piede,piede destro,piede umano,piede umano,piede destro,piede umano,piede destro,piede umano,piede umano,sandalo,piede destro,calzature
body parts,piede,piede piatto,piede di porco,piede di cavallo,dito,piede di una colonna,piede di tavolo,piede di una sedia,gamba,calzatura,piede umano,scarpe
body parts,piede,piede sinistro,piede di maiale,piede di tartaruga,piede sinistro,piede di una barca,piede di paglia,piede di un mobile,calzato,calzado,piede sinistro,calzare
plants,pino,pino silvestre,pino silvestre,pino d'aleppo,abete,pino silvestre,pino domestico,pino marittimo,pino d'albero,pineta,pinus sylvestris,pinus
plants,pino,pino marittimo,pino nero,pino cembro,pino da legno,pino d'aleppo,pino d'aleppo,pino domestico,pino mugo,pino d'aleppo,pinus ponderosa,pino rosso
plants,pino,pino mugo,pino domestico,pino marittimo,albero,pino marittimo,pino silvestre,pino silvestre,pino pigno,pino d'albero,abete,pineto
foods,pizza,pizza margherita,quattro formaggi,margherita,margherita,margherita,margherita,pizza margherita,margherita,margherita,pizza al taglio,pizza a forma di quadrato
foods,pizza,pizza capricciosa,pizza margherita,capricciosa,quattro stagioni,siciliana,calzone,pizza al taglio,hawaiiana,sliced pizza,pizza al forno,pizza a tagli
foods,pizza,pizza marinara,pizza capricciosa,pizza margherita,capricciosa,capricciosa,capricciosa,pizza al prosciutto,funghi,pizza classica,pizza con formaggio,pizza a quattro stagioni
furniture,poltrona,poltrona reclinabile,sedia reclinabile,divano,divano,poltrona da ufficio,poltrona reclinabile,poltrona reclinabile,divano,poltrona a due posti,sofà,divano
furniture,poltrona,poltrona a dondolo,poltrona a dondolo,poltrona reclinabile,poltrona da salotto,poltrona ergonomica,poltrona a rotelle,poltrona da ufficio,sedie,divano,divano,seduta
furniture,poltrona,poltrona in pelle,chaise longue,poltrona da ufficio,poltrona da letto,poltrona in pelle,poltrona a schiena retta,poltrona con braccioli,sedia a rotelle,poltrona a due piani,couch,cuscino
housing buildings,porta,porta scorrevole,porta blindata,porta di casa,porta d'ingresso,porta blindata,porta d'ingresso,porta d'ingresso,porta acciaio,porta di legno,porta di vestiti,porta d'ingresso
housing buildings,porta,porta blindata,porta a libro,porta di servizio,porta in casa,porta a soffietto,porta di sicurezza,porta blindata,porta in alluminio,porta di vetro,porta a mano,porta d'uscita
housing buildings,porta,porta a vetro,porta a scomparsa,porta di garage,porta di emergenza,porta a vetri,porta di accesso,porta di servizio,porta in metallo,porta di metallo,porta-saccar,porta a sesto
furnishings/fittings,portafotografia,cornice,cornice,portafotocamera,casco da fotografo,album fotografico,portafilm,portafoto,portafoglio,portafoglio,nikon,fotocamera
furnishings/fittings,portafotografia,portafotografia di legno,album,fotocamera,casco,borsa a tracolla per fotocamera,fascia porta-foto,portfolio stampato,portafoglio di fotografie,cappello,canon,camera
furnishings/fittings,portafotografia,quadro,astuccio,portafotocamere,casco per portafotografia,astuccio per fotocamera,porta-foto digitale,album fotografico,album fotografico,carta portafoglio,sony,portafoglio
furnishings/fittings,posacenere,posacenere di vetro,posacenere da terra,posacenere da tavolo,bidone,posacenere da tavolo,tazza da caffè,posacenere da tavolo,scarpe,pasta,bicchiere,cenere
furnishings/fittings,posacenere,posacenere di plastica,portacenere,posacenere da giardino,contenitore,posacenere portatile,tazza da tè,posacenere da camera da letto,cintura,posacenere nero,sciarpa,tazza
furnishings/fittings,posacenere,posacenere di metallo,posacenere da giardino,posacenere da ufficio,posacenere per lavagna,posacenere da pipa,tavola da pranzo,posacenere da bagno,lavabo,posacenere con tazze,anello,cassette per fumo
stationery,quaderno,quaderno a righe,quaderno a righe,quaderno di matematica,quaderno di scuola,quaderno a spirale,quaderno rigido,quaderno ad anelli,quaderno di lavoro,diario,carta,carta
stationery,quaderno,quaderno a quadretti,quaderno a quadretti,quaderno di storia,quaderno di appunti,quaderno a quadretti,quaderno da scuola,quaderno a righe,quaderno da scuola,libro,a5,foglio
stationery,quaderno,quaderno ad anelli,quaderno a fogli mobili,quaderno di appunti,quaderno di classe,quaderno con copertina rigida,quaderno da cucina,diario,quaderno di matematica,notebook,diario,libro
furnishings/fittings,quadro,quadro astratto,autoritratto,quadro da parete,quadro d'arte,ritratto,quadro pittorico,dipinto,quadro analogo,quadro di legno,quadrato,dipinto
furnishings/fittings,quadro,quadro elettrico,affresco,dipinto,quadro a muro,astratto,quadro dipinto,incisione,quadro nero,quadro nero,quadro per dipinti,quadro a olio
furnishings/fittings,quadro,ritratto,ritratto,quadro di carta,quadro di cartone,pop art,quadro di controllo,disegno,quadro piano,quadro dipinto,quadro a tavola,quadro di cucina
plants,quercia,leccio,quercus robur,quercia bianca,quercia di faggio,quercia bianca,quercia rossa,quercia rossa,quercia rossa,quercia bianca,quercia rossa,quercia rosso
plants,quercia,quercia secolare,roverella,quercia rossa,quercia di abete,quercia sessile,quercia rossiccia,quercia peduncolata,quercia bianca,quercia sessiliflora,quercia rosso,fagus
plants,quercia,rovere,quercus cerris,quercia da tavolo,quercia di pino,quercia palustre,quercia nera,quercia comune,quercia americana,quercia petraea,quercia bianca,robbinia
hobbies,racchetta,racchetta da tennis,racchetta da tennis,racchetta da tennis,racchetta da tennis,racchetta da tennis,racchetta da tennis,racchetta da tennis,racchetta da tennis,racchetta da tennis,racchetta da tennis,racchetta da tennis
hobbies,racchetta,racchetta da padel,racchetta da squash,racchetta da squash,racchetta da calcio,racchetta da beach tennis,racchetta da pallavolo,racchetta da squash,racchetta da squash,racchetta da badminton,tennis,tennistavolo
hobbies,racchetta,racchetta da ping pong,racchetta da badminton,racchetta da badminton,racchetta da pallavolo,racchetta da tamburello,racchetta da ping pong,racchetta da sci,tennis,racchetta da pallavolo,racchetta da squash,tennis
stationery,righello,squadra,righello a triangolo,righello da stoffa,campana,righello in plastica,righello da cucina,righello da carpentiere,righello di legno,regola,fork,12
stationery,righello,riga,righello a nastro,righello a stecchi,righello di pietra,righello da sarto,righello da disegno,righello da sarto,rig,12,borsa,righello a due scoppi
stationery,righello,righello di plastica,righello a doppia estensione,righello a vite,righello di porta,righello da falegname,righello da costruzione,righello da architetto,penna,righello metrico,cuffia,calce
housing buildings,ripostiglio,sgabuzzino,armadio,armadio,cassettone,armadio,armadio,armadio,armadio,scarpe,carta da ripostiglio,camice
housing buildings,ripostiglio,sottoscala,dispensa,armadio a muro,cassa,cassettiera,cassettone,scaffale,cassaforte,t-shirt,carta da lettere,armadio
housing buildings,ripostiglio,ripostiglio per scope,magazzino,scaffale,armadio,portaombrelli,cassetta,scatola,armadietto,camicia,carta,scarsella
foods,riso,riso basmati,arborio,riso integrale,arborio,riso integrale,arborio,riso bianco,riso bianco,riso bianco,arborio,riso bianco
foods,riso,riso venere,baldo,riso sushi,arroz con pollo,riso parboiled,riso integrale,riso basmati,riso integrale,grano di riso,arancetto,riso nero
foods,riso,riso carnaroli,carnaroli,riso glutinoso,riso integrale,riso nero,riso parboiled,riso integrale,riso arborio,riso parboiled,aranci,arriccio
plants,rosa,rosa rossa,rosa damascena,rosa canina,,rosa canina,rosa fiorita,rosa tea,rosa rossa,fiore di rosa,ro,fiore
plants,rosa,rosa bianca,rosa centifolia,rosacee,,rosa rugosa,ro,rosa rossa,fiore,rosa rosa,rosa dei venti,fiori
plants,rosa,rosa canina,rosa gallica,rosa di gerusalemme,,rosa gallica,rosa di vetro,rosa gialla,fiori,rosa rosa bianca,rosa pallida,rosa rosso
plants,salice,salice piangente,salix alba,salice da pesca,salice di legno,salix alba,salice comune,salice piangente,salice bianco,salice bianco,salice americano,acero
plants,salice,salice bianco,salice bianco,salice da vela,salice da pesca,salix caprea,abete bianco,pioppo tremulo,salice rosso,salice verde,salice arboreo,pioppo
plants,salice,salice nero,salice rosso,salice da canoa,salice di plastica,salix purpurea,salice blu,salice argenteo,salice nero,salice nero,salice a barba,abete
housing buildings,scala,scala a chiocciola,scala a chiocciola,scala a chiocciola,scala mobile,scala a chiocciola,scala a chiocciola,scala a chiocciola,scala a chiocciola,scala esterna,scala a scala,scala a pioli
housing buildings,scala,scala a pioli,scala mobile,scala a pioli,scala a chiocciola,scala a giorno,scala esterna,scala di sicurezza,scala rettangolare,scala di emergenza,scala a cuscino,staircase
housing buildings,scala,scala mobile,scala a pioli,scala a chiave,scala a piattaforma,scala a sbalzo,scala interna,scala a pioli,scala da salire,scala di accesso,scala a serpentina,scale mobile
clothes,scarpa,scarpa da ginnastica,stivale,scarpa da ginnastica,scarpa da ballo,stivaletto,sandalia,scarpa da ginnastica,scarpa da ginnastica,sandalo,scarpa da corsa,scarpa a punta
clothes,scarpa,scarpa col tacco,sandalo,scarpa da danza,scarpa da ginnastica,stivale da pioggia,stivali,scarpe da ginnastica,scarpa da corsa,pantofole,scarpa da calzare,stivali
clothes,scarpa,sneakers,ciabatta,scarpa da tennis,scarpa da neve,décolleté,sneaker,scarpa da calcio,scarpa da lavoro,panna di scarpa,scarpa da sport,scarpa per donna
body parts,schiena,schiena dritta,schiena dritta,schiena alta,coda,colonna vertebrale,schiena umana,dorsale,schiena di legno,sfinge,cervicale,muro
body parts,schiena,schiena curva,dorso,schiena curva,colonna vertebrale,vertebre,schiena di una montagna,toracica,schiena di vetro,pannelli solari,schiena vertebra,ossa
body parts,schiena,schiena scoliotica,schiena curva,schiena di cavallo,vertebre,midollo spinale,schiena di una colonna,dorsale superiore,schiena di un uomo,*nessuna entità*,schiena a collo,schiena laterale
clothes,sciarpa,sciarpa di lana,scialle,sciarpa da sci,cappuccio,sciarpa di cashmere,sciarpa a velcro,sciarpa di seta,sciarpa lunga,sciarpa di lana,bianca,sciarpa in gomma
clothes,sciarpa,scaldacollo,sciarpa di lana,sciarpa alpina,cappello,sciarpa di lana,sciarpa in pelle,sciarpa di lana,sciarpa di lana,sciarpa di seta,sciarpa da bicchiere,sciarpa in pelle
clothes,sciarpa,foulard,foulard,sciarpa da neve,guanti,sciarpa tubolare,sciarpa a vento,sciarpa di cotone,sciarpa da neve,capello,sciarpa in seta,sciarpa da neve
animals,scimmia,scimpanzè,gorilla,scimpanzé,capuchino,scimpanzé,gibbon,babbuino,gorilla,gorilla,babbuino,scimpanzé
animals,scimmia,gorilla,tamarino,gorilla,mandrillo,lemure,macaco,gorilla,macaco,orangutano,gorilla,orangutan
animals,scimmia,orango,scimpanzé,mandrillo,scimpanzé,saki,siamang,orangutan,bonobo,bonobo,orangutan,scimpanzè
kitchenware,scolapasta,scolapasta di plastica,scolapasta manuale,scolapasta a cassetta,cucchiaio,scolapasta in acciaio inossidabile,spaghetti,scolapasta in acciaio inossidabile,penna,,scolapasta a bolla,scolapasta metallica
kitchenware,scolapasta,scolapasta di acciaio,scolapasta a forbice,scolapasta a cerniera,coltello,scolapasta per pasta,scolapasti a forma rettangolare,scolapasta a imbuto,pennello,,barilla,colander
kitchenware,scolapasta,scolapasta di metallo,scolapasta elettrico,scolapasta in acciaio,scolapasta per polenta,scolapasta per verdure,spumeggiante,scolapasta rotondo,carta da scrivere,,scolapasta integrale,scolapasta sciolta
stationery,scolorina,scolorina a nastro,scolorina per capelli,cipria,vernice,candeggina,tintura,smalto,docente,1. 3d printer,scolorina digitale,bicchiere
stationery,scolorina,scolorina liquida,scolorina per pelle,calvizie,pigmenti,sapone per bucato,acquerello,colorante alimentare,scuola,tinta per capelli,scolorina di testo,cassette
stationery,scolorina,scolorina a penna,scolorina da barba,scolorina naturale,rosso,decolorante,tinta a olio,smalto per unghie,anziani,gomma da masticare,scolarina,bicchierino
vehicles,scooter,scooter 50,ape,vespa,scooter a due ruote,scooter elettrico,scooter a due ruote,scooter a pedali,vespa,vespa,vespa,
vehicles,scooter,scooter elettrico,scooter elettrico,scooter elettrico,scooter elettrico,scooter da neve,scooter da calcio,scooter a benzina,scooter a motore,lambretta,scooter elettrico,
vehicles,scooter,vespa,a pedali,scooter da corsa,scooter a motore,scooter da cross,scooter da corsa,scooter elettrico,scooter elettrico,piaggio,motoscooter,
furniture,scrivania,scrivania di legno,scrivania angolare,scrivania da ufficio,cassettiera,scrivania da ufficio,scrivania tradizionale,scrivania da ufficio,tavolo di lavoro,sedia,tavolo,tavolo
furniture,scrivania,scrivania da ufficio,scrivania per computer,scrivania da studio,tavolo da lavoro,scrivania per computer,scrivania a ruote,scrivania per ufficio,tavolo da scrivere,tavolo da lavoro,scrivania con tavoli,tavolo da lavoro
furniture,scrivania,scrivania angolare,*scrivania angolare*,scrivania da cucina,scrivania portatile,scrivania con cassetti,scrivania da studio,scrivania per bambini,scrivania in vetro,scrivere,scrivania mobile,tavolo da studio
furniture,sedia,sedia a dondolo,poltrona,sedia da giardino,sedia a rotelle,sedia da ufficio,sedia a rotelle,sedia da ufficio,sedia a rotelle,poltrona,sedia per ufficio,sedia da tavola
furniture,sedia,sedia di legno,sedia a dondolo,sedia da ufficio,poltrona,sedia per bambini,sedia da giardino,sedia da gaming,poltrona,sedia a rotelle,seduta,sedia a rotelle
furniture,sedia,sedia pieghevole,sedia a rotelle,sedia da cucina,sedia a sdraio,sedia a dondolo,sedia da cucina,sedia a rotelle,sedia a ruote,sedia a rulli,sedia da pranzo,cattedra
animals,serpente,serpente a sonagli,boa,cobra,vipera,cobra,anaconda,serpente velenoso,cobra,cobra,vipera,corallo
animals,serpente,cobra,cobra,boa,cobra,boa constrictor,python,serpente a sonagli,anaconda,python,cobra,serpente realistico
animals,serpente,vipera,vipera,serpente a sonagli,serpente a sonar,anaconda,boa,serpente non velenoso,vipera,serpente reale,boa,cascavel
clothes,slip,perizoma,slip da donna,slip da donna,guanti da slip,slip da donna,slip da notte,slip da uomo,calzino,pantaloni,slip-on,panty
clothes,slip,tanga,boxer,slip da uomo,guanti da sci,slip termici,slip intimo,slip con vita alta,guanti,calze,fusto,calze
clothes,slip,slip brasiliana,slip da uomo,slip da bagno,calzatura,slip di pizzo,slip da ghiaccio,slip con vita bassa,calzolino,pantaloncini,slipping,slip-in
housing buildings,soffitto,soffitto alto,a cassettoni,soffitto a volta,soffitto in legno,soffitto in gesso,soffitto piano,soffitto a volta,soffitto ligneo,soffitto ligneo,soffitto in legno,soffitto a tetto
housing buildings,soffitto,soffitto a cupola,a botte,soffitto a cassetta,soffitto a volta,soffitto a volta,soffitto a cassettoni,soffitto a cassettoni,soffitto in alluminio,vettorale,soffitto a cassetto,volte
housing buildings,soffitto,soffitto di legno,controsoffitto,soffitto a travi,soffitto a pavimento,soffitto in legno,soffitto in legno,soffitto sospeso,soffitto in legno,soffitto semplice,cassette,soffitto a tettoia
housing buildings,soggiorno,soggiorno open space,salotto,divano,divano,living,living room,divano,hotel,couch,hotel,soffa
housing buildings,soggiorno,soggiorno salotto,tinello,tv,tv,open space,sala da pranzo,tappeto,bed and breakfast,coffee table,motel,sala
body parts,spalla,spalla umana,spalla a sbalzo,spalla di asino,spalla di animale,spalla congelata,spalla destra,spalla umana,spalla di polo,spallino,spalla rosa,borsa
body parts,spalla,spalla destra,spalla a volant,spalla di manubrio,spalla anteriore,spalla bursite,spalla sinistra,spalla destra,capo,spalla di carne,soggiorno,frullatore
body parts,spalla,spalla animale,spalla a bretella,spalla di maiale,spalla sinistra,spalla sporgente,spalla anteriore,spalla di montone,spallina,giacca,spalla per bimbo,spalla alta
furnishings/fittings,specchio,specchio da parete,specchio da parete,specchio a muro,specchio da parete,specchio da trucco,specchio a cavaliere,specchio da parete,mirrore,mirrore,specchio ad angolo,specchio ad angolo
furnishings/fittings,specchio,specchio rotondo,specchio da terra,specchio da bagno,specchio a muro,specchio da tavolo,specchio a cavallo,specchio da tasca,specchio di legno,specchio di legno,specchio per uomo,specchio retro
furnishings/fittings,specchio,specchio portatile,specchio da toeletta,specchio da parete,specchio a parete,specchio da parete,specchio avente riflesso curvo,specchio da bagno,specchiolo,piccolo specchio,specchio retro-rilievo,specchio d'acqua
stationery,spillatrice,spillatrice tascabile,spillatrice automatica,spillatrice a batteria,spillatrice a mano,spillatrice da birra,spillatrice elettrica,spillatrice a molla,lavastoviglie,sewing machine,spillo-cambio,stapler
stationery,spillatrice,spillatrice manuale,spillatrice manuale,pistola spray,lavatrice,spillatrice portatile,spillatrice manuale,spillatrice manuale,lavapolvere,spillatrice ad alta velocità,spillatrice a batteria,stilografo
clothes,t-shirt,t-shirt a maniche corte,polo,polo,polo,t-shirt a maniche corte,t-shirt a collo rotondo,t-shirt a manica corta,t-shirt bianca,t-shirt nero,t-shirt a maniche brevi,t-shirt 2
clothes,t-shirt,t-shirt a maniche lunghe,canotta,camicia,maglia,t-shirt termica,cotton t-shirt,t-shirt senza maniche,t-shirt unisex,t-shirt grigio,polo,t-shirt a maniche corte
clothes,t-shirt,t-shirt con scollo a v,maglietta,maglietta a maniche lunghe,maglia a maniche corte,t-shirt da lavoro,t-shirt classico,t-shirt a maniche corte,t-shirt classica,t-shirt con maniche corte,camisole,t-shirt bianco
stationery,taccuino,taccuino a righe,quaderno,taccuino di appunti,diario,taccuino a spirale,diario,taccuino a spirale,taccuino da notepad,laptop,diario,notebook
stationery,taccuino,taccuino in pelle,agenda,taccuino personale,quaderno,taccuino di carta,quaderno,taccuino a fogli sciolti,pennarello,taccuino a puro olio,libro,diario
stationery,taccuino,taccuino a quadretti,diario,taccuino di viaggio,taccuino di viaggio,taccuino rilegato,taccuino da scuola,taccuino da disegno,taccuino di gomma,notebook,notebook,tablet
kitchenware,tagliere,tagliere in legno,tagliere in legno,tagliere da cucina,tagliere di legno,tagliere in legno,tagliere da tavolo,tagliere in legno,tagliere a mano,coltello,tagliere da cucina,tagliere da cucina
kitchenware,tagliere,tagliere in plastica,tagliere da carne,tagliere da lavoro,piatto,tagliere di legno,tagliere da tavola,tagliere per carne,tagliere manuali,tagliere manuale,bellezza,tagliere da cucina da cucina
kitchenware,tagliere,tagliere per salumi,tagliere da formaggio,tagliere da carni,tagliere da cucina,tagliere pieghevole,tagliere da carne,tagliere in acciaio inossidabile,tagliere rotanti,tagliere da foglio,tagliere da birra,tagliere per carne
furnishings/fittings,tappeto,tappeto persiano,tappeto persiano,tappeto da bagno,tappeto da giardino,tappeto persiano,tappeto a pile,tappeto persiano,tappeto da bagno,tappeto persiano,carpet,tappeto orientale
furnishings/fittings,tappeto,tappeto da bagno,tappeto tibetano,tappeto persiano,tappeto da salotto,tappeto moderno,tappeto a pianale,tappeto orientale,tappetoletto,tappeto orientale,tappeto a cuscino,tappeto a tessuto
furnishings/fittings,tappeto,tappeto turco,tappeto cinese,tappeto da cucina,tappezzi,tappeto shag,tappeto persiano,tappeto turco,ruggine,tappetino,rug,orientale
furniture,tavolo,tavolo di legno,tavolo da cucina,tavolo da pranzo,tavolo da pranzo,tavolo da pranzo,tavolo da pranzo,tavolo da pranzo,tavolo da pranzo,tavolo da lavoro,tavolo da cucina,tavolo da cucina
furniture,tavolo,tavolo da cucina,da cucina,tavolo da bar,tavolo da cucina,tavolo da salotto,tavolo da gioco,tavolo da cucina,tavolo da cena,tavolo da cena,tavolo da pranzo,tavolo da pranzo
furniture,tavolo,tavolo rotondo,tavolo da lavoro,tavolo da giardino,tavolo da gioco,tavolo da giardino,tavolo da cucina,tavolo da gioco,tavolo in legno,tavolo con vasi di fiori,tavolo da lavoro,tavolo da lavoro
kitchenware,teglia,teglia da forno,teglia per pizza,teglia per pizza,teglia a gas,teglia da forno,teglia da forno,teglia per biscotti,teglia di ceramica,teglia da forno,capello,teglia da forno
kitchenware,teglia,teglia rotonda,teglia per plumcake,teglia di cottura,teglia per pizza,teglia per muffin,teglia da frittata,teglia per pizza,piattaforma,teglia a forma di 't',tessuto,piatto
kitchenware,teglia,teglia rettangolare,teglia per crostate,teglia per dolci,teglia per biscotti,teglia per lasagne,teglia da pizza,teglia per brownie,teglia per pizza,teglia per caffè,teglia a piastre,teglia per pasta
hobbies,televisione,televisione al plasma,tv a schermo piatto,smart tv,tv a schermo piatto,televisore al plasma,televisione a tubo catodico,smart tv,televisore,televisore,monitor,monitor
hobbies,televisione,televisione a tubo catodico,lcd,tv oled,schermo,televisione a schermo piatto,televisore a tubo catodico,tv led,monitor,antenna,tv,display
hobbies,televisione,televisione a schermo piatto,altoparlante,tv 4k,schermo led,smart tv,tv a tubo catodico,tv al plasma,televisore a schermo piatto,tubo,smart tv,tube television
stationery,temperino,temperino singolo,temperino svizzero,temperino da cucina,candelabro,temperino da tasca,temperino da cucina,temperino a sfera,tazzolino,termometro,penne,calzature
stationery,temperino,temperino doppio,temperino a scatto,temperino per unghie,caldo,temperino a lama retrattile,temperino elettrico,temperino a lama,cucchiaio,termostato,birra,scovolatoio
stationery,temperino,temperamatite,coltello a scatto,temperino da unghie,cera,temperino da caccia,cucina in metallo,temperino a matita,temperino a sbarra,frullatore,bicchiere,telefono
furnishings/fittings,tenda,tenda da campeggio,tenda a rullo,tenda da bagno,tenda da cucina,tenda da sole,tenda da letto,tenda da campeggio,tenda da letto,tenda di tela,tenda da camping,tenda da camping
furnishings/fittings,tenda,tenda da sole,da campeggio,tenda da giardino,tenda da giardino,tenda da campeggio,tenda da campo,tenda da sole,tenda per la casa,tenda piena,tende da camper,tenda da riposo
furnishings/fittings,tenda,tenda per finestre,tenda da campeggio,tenda da sole,tenda da camera,tenda a pergola,tenda da camping,tenda da giardino,tenda da esposizione,tenda di camping,casa,tenda da camper
housing buildings,terrazzo,balcone,terrazzo alla veneziana,terrazzo in pietra,pavimento,terrazzo pensile,terrazzo antico,balcone,balcone,terrazzo esterno,cemento,pavimento
housing buildings,terrazzo,terrazzo coperto,terrazzo a sbalzo,travertino,piatto,terrazzo con piante,terrazzo in marmo,terrazzo in marmo,terrazzo a cassette,balcone,pavimento,terrazzo decorativo
housing buildings,terrazzo,terrazzo panoramico,terrazzo alla romana,marmo,pavimentazione,terrazzo a livello,terrazzo in pietra,terrazzo in cemento,piazza,terrazzo aperto,mosaico,pianoforte
body parts,testa,testa grande,testa umana,testa di cavallo,cranio,testa umana,testa umana,testa umana,capo,capo,testa umana,cervello
body parts,testa,testa ovale,testa di moro,testa di ponte,testa di pesce,testa di cavallo,testa di colonna,testa di un essere umano,cervello,testa di persona,cervello,faccia
body parts,testa,testa rotonda,testa di ponte,testa umana,testa di cavallo,testa di pesce,testa di bottiglia,capo,testa di legno,cefalo,testa capo,cranio
housing buildings,tetto,tetto spiovente,tetto a falde,tetto a capriata,tetto in legno,tetto piano,tetto in terracotta,tetto a due falde,tettoia,tettoia,tetto in legno,tetto di tegole
housing buildings,tetto,tetto piano,a doppia falda,tetto a due falde,tetto a piramide,tetto a padiglione,tetto in zinco,tetto piano,tettoia di vetro,tetto a capanna,tetto di cemento,tetto in cemento
housing buildings,tetto,tetto con tegole,tetto a quattro falde,tetto a piramide,tetto a punta,tetto a volta,tetto a falde piane,tetto a falda,tettoia di legno,pavimento,tetto di tegole,tetto in legno
animals,tigre,tigre bianca,tigre del bengala,tigre di sumatra,tigre del bengala,tigre del bengala,tigre indiana,tigre siberiana,tigre africana,tigris,tigre africana,tigre bengalese
animals,tigre,tigre del bengala,tigre di sumatra,tigre di bali,tigre del sud-est asiatico,tigre siberiana,tigre bianca,tigre del bengala,tigre siamese,tigre reale,tigre indiana,tigre asiatico
animals,tigre,tigre siberiana,tigre di amur,tigre asiatica,tigre del caspico,tigre di giava,tigre del bengala,tigre di sumatra,tigre indiana,logo,tigre americana,tigre bengala
animals,topo,topo di campagna,topo comune,topo domestico,formica,topo da laboratorio,topo domestico,topo campagnolo,topolino,topo domestico,topo domestico,ratto
animals,topo,topo ragno,topo domestico,topo di laboratorio,topo di terra,topo toporagno,topo d'acqua,topo dei granai,ratto,topo di cartone,rodent,ratti
animals,topo,pantegana,topo da laboratorio,topo muschiato,formichiere,topo domestico,topo canguro,topo delle risaie,topo selvatico,topolino,ratto,rats
vehicles,traghetto,traghetto a vapore,traghetto a catena,traghetto da carico,traghetto a motore,traghetto passeggeri,traghetto a vela,traghetto passeggeri,traghetto a vapore,passeggero,traghetto a vapore,traghetto a vapore
vehicles,traghetto,aliscafo,traghetto a cavo,traghetto passeggeri,traghetto a motoscafo,traghetto ro-ro,traghetto a remi,traghetto veloce,traghetto a batteria,nave traghetto,traghetti a vapore,traghettoboat
vehicles,traghetto,traghetto turistico,traghetto a fune,traghetto da pesca,traghetto a remi,traghetto ad alta velocità,traghetto a vapore,traghetto notturno,traghetto ferroviario,ferry,traghettiera,traghetti a vapore
vehicles,tram,tram elettrico,tram storico,tram a cavalli,autobus,tram a pianale ribassato,tramway,tram a cavalli,tram aereo,tramway,azienda,tranvia
vehicles,tram,tram su rotaie,tram a cavalli,tram elettrico,tram a trazione elettrica,tram articolato,tram-bus,tram a cavo,tranvia,trolley,tram a vapore,tramvia
vehicles,tram,tram merci,tram snodato,tram a vapore,treno,tram a trazione elettrica,tram elettrico,tram a benzina,tram urbani,tramvia,tramvagni,metro
vehicles,trattore,trattore standard,trattore agricolo,trattore agricolo,trattore agricolo,trattore agricolo,trattore a ruote,trattore a ruote,trattore agricolo,trattore agricolo,trattore agricolo,trattore a motore
vehicles,trattore,trattore agricolo,trattore cingolato,trattore forestale,trattore di pompaggio,trattore compatto,trattore da costruzione,trattore per l'agricoltura,trattore di legno,trattore di lavoro,trattore a benzina,trattore agricolo
vehicles,trattore,trattore cingolato,trattore a ruote,trattore d'altura,trattore per il giardino,trattore a braccio,scavatore,trattore a due ruote motrici,trattore di lavoro,trattore da lavoro da campo,trattore a vapore,trattore a scoppio
vehicles,treno,treno regionale,locomotiva,treno a vapore,treno a vapore,treno a vapore,locomotiva,locomotiva,locomotiva,locomotiva,treno passeggeri,treno passeggeri
vehicles,treno,treno ad alta velocità,regionale,treno ad alta velocità,frecciarossa,treno diesel,treno intercity,treno suburbano,tranvia,metro,treno a vapore,treno a vapore
vehicles,treno,treno a vapore,pendolino,treno elettrico,treno ferroviario,treno elettrico,treno cisterna,treno regionale,treno regionale,carro,treno espresso,ferrovia
plants,tulipano,tulipano rosso,tulipano darwin,tulipano gigante,tulipano d'inghilterra,tulipa clusiana,tulipano rosso,tulipano nero,tulipano rosso,fiore di tulipano,tulipano rosso,
plants,tulipano,tulipano giallo,tulipano viridiflora,tulipano fiorente,tulipano di cipresso,tulipano di darwin,tulipano fiorito,tulipano rosso,tulipano comune,tulipano giallo,tulipano albo,
plants,tulipano,tulipano bianco,tulipano darwino,tul,tulipano bianco,tulipa greigii,tulipano selvatico,tulipano giallo,tulipano bianco,tulipano rosso,tulipane,
plants,ulivo,frantoio,ulivo da olio,ulivo domestico,frutto,ulmus minor,albero di ulivo,ulivo selvatico,olivo,pianta,olio extra vergine,albero
plants,ulivo,ulivo leccino,ulivo ornamentale,ulivo comune,ulivo comune,quercus suber,oliveto,ulivo domestico,olio di olivo,ulivo con tronco,olio d'olivo extra vergine,olivo
plants,ulivo,maurino,ulivo selvatico,ulivo di toscana,ulivo nero,olea europaea,frantoio,ulivo centenario,olivastro,tronco,arboreo,azienda agricola
foods,uovo,uovo di gallina,uovo di gallina,uovo di quaglia,uovo di gallina,uovo di gallina,uovo di gallina,uovo di gallina,uovo di pollo,uovo di pollo,uovo di gallina,uovo di gallina
foods,uovo,uovo sodo,uovo di anatra,uovo di gallina,uovo di pavone,uovo di rana,uovo di struzzo,uovo di struzzo,uovo di uccello,uovo di uccello,uovo di oca,uovo di pollo
foods,uovo,uovo di struzzo,uovo di oca,uovo di tacchino,uovo di tartaruga,uovo di tartaruga,uovo di oca,uovo di tartaruga,uovo di rettile,uovo di pesce,uovo uovo,uovo uccello
furnishings/fittings,vaso,vaso di ceramica,vaso di fiori,vaso da fiori,vaso da notte,vaso da fiori,vaso da birra,vaso da fiori,tazza,vase,bicchiere,vase
furnishings/fittings,vaso,vaso di terracotta,vaso di rame,vaso da notte,vaso da fiori,vaso da frutta,vaso da fiori,vaso di terracotta,coppa,vaso di vetro,tazza,jar
furnishings/fittings,vaso,vaso da notte,vaso di cristallo,vaso da liquidi,bicchiere,vaso di terracotta,vaso da cibo,vaso cinese,vase,vaso di ceramica,jar,vases
foods,verdura,zucchina,spinaci,spinaci,carote,lattuga,carota,broccoli,broccoli,broccoli,carota,cipolla
foods,verdura,carota,asparago,melanzane,patate,piselli,carote,cavolo,cipolle,zucchero,cipolla,broccoli
foods,verdura,spinaci,sedano,asparagi,melanzane,cavolfiore,pomodoro,cavolfiore,cetriolo,cipolla,broccoli,melanzana
hobbies,videogioco,videogioco di sport,avventura,fortnite,action,azione,adventure game,sparatutto,console,joystick,action,console
hobbies,videogioco,videogioco di azione,sparatutto,fifa,arcade,platformer,action game,survival,playstation,giocatore,adventure,nintendo switch
hobbies,videogioco,videogioco di simulazione,picchiaduro,league of legends,console,horror,platformer,avventura,console di gioco,gamepad,videogioco d'azione,playstation
furnishings/fittings,vite,vite a testa tonda,vite a testa svasata,vite da parete,vite da tavola,vite a testa esagonale,vite d'ancora,vite a testa esagonale,vite di legno,vite di plastica,uva,vite a spirale
furnishings/fittings,vite,vite a stella,vite a testa piatta,vite a passo lungo,vite da vino,vite a testa svasata,vite di trasmissione,vite per legno,vite colate,vite di carta,uva nero d'italia,vite a testa rotante
furnishings/fittings,vite,vite a testa cilindrica,vite a testa cilindrica,viti a testa quadrata,chianti,vite a testa bombata,vite d'ancoraggio,vite per metallo,vite di vetro,vite di foratura,uva bianca,vite perforata
